Name,Position,ADP_ESPN
Shohei Ohtani,DH,2.0
Aaron Judge,OF,2.7
Bobby Witt Jr.,2B/SS,4.5
Jose Ramirez,OF,5.5
Tarik Skubal,1B,6.5
Kyle Tucker,OF,7.8
Juan Soto,OF,8.5
Mookie Betts,2B/SS,9.8
Vladimir Guerrero Jr.,3B,12.2
Manny Machado,OF,13.2
Paul Skenes,1B,15.4
Francisco Lindor,2B/SS,15.5
Matt Olson,3B,15.7
Freddie Freeman,3B,16.3
Fernando Tatis Jr.,OF,16.9
Corbin Carroll,OF,17.4
Zack Wheeler,1B,18.2
Garrett Crochet,1B,20.5
William Contreras,2B,21.7
Pete Alonso,3B,24.6
Ronald Acuna Jr.,OF,25.5
Ketel Marte,SS,25.9
Yordan Alvarez,1B/3B,30.3
Mason Miller,P,31.0
Cole Ragans,1B,32.9
Kyle Schwarber,DH,33.5
Elly De La Cruz,2B/SS,33.6
Cal Raleigh,2B,34.0
Dylan Cease,1B,34.5
Jackson Merrill,OF,34.8
Teoscar Hernandez,1B/3B,35.8
Bryce Harper,3B,35.9
Adley Rutschman,2B,36.3
Gunnar Henderson,2B/SS,36.7
Trea Turner,2B/SS,37.0
Logan Gilbert,1B,41.1
Jackson Chourio,1B/3B,42.1
Corey Seager,2B/SS,43.1
Jose Altuve,SS,45.2
Jarren Duran,OF,45.8
Ozzie Albies,SS,46.4
Framber Valdez,1B,48.6
Chris Sale,1B,50.7
Yainer Diaz,2B,52.8
Logan Webb,1B,58.3
Devin Williams,P,61.0
Emmanuel Clase,P,61.1
Yoshinobu Yamamoto,1B,63.2
Josh Naylor,3B,63.6
Max Fried,1B,63.9
Austin Riley,OF,64.4
Michael Harris II,OF,66.0
Brent Rooker,DH,67.6
Anthony Santander,OF,69.3
Alex Bregman,OF,69.6
Corbin Burnes,1B,73.1
Josh Hader,P,73.4
Ian Happ,1B/3B,75.9
Will Smith,2B,76.3
Aaron Nola,1B,78.5
Marcell Ozuna,DH,78.7
Joe Ryan,1B,79.0
Luis Castillo,1B,81.3
Michael King,1B,82.2
Edwin Diaz,P,86.6
Christian Walker,3B,89.0
Rafael Devers,OF,90.0
Lawrence Butler,OF,90.1
Ryan Walker,P,90.4
Sonny Gray,1B,91.8
Jazz Chisholm Jr.,OF,92.2
Nick Castellanos,OF,94.4
Marcus Semien,SS,95.8
Ryan Helsley,P,96.7
Raisel Iglesias,P,98.4
Steven Kwan,1B/3B,100.9
Luis Arraez,3B,102.1
Bryce Miller,1B,109.7
Jhoan Duran,P,117.9
Freddy Peralta,1B,119.0
Spencer Strider,1B,119.1
Cristopher Sanchez,1B,119.9
Shota Imanaga,1B,120.0
Oneil Cruz,2B/SS,120.2
Hunter Greene,1B,120.3
Cody Bellinger,OF,121.4
Hunter Brown,1B,123.6
Shea Langeliers,2B,124.7
Brenton Doyle,OF,125.2
Gleyber Torres,SS,125.3
Bailey Ober,1B,126.6
Tanner Bibee,1B,128.4
Nolan Arenado,OF,132.9
Eugenio Suarez,OF,132.9
Pablo Lopez,1B,134.1
Salvador Perez,2B,136.5
Taylor Ward,1B/3B,137.9
Andres Munoz,P,138.5
Willson Contreras,2B,138.9
Felix Bautista,P,140.1
Wyatt Langford,1B/3B,141.4
Isaac Paredes,OF,143.1
Kevin Gausman,1B,145.9
Zac Gallen,1B,146.0
Aroldis Chapman,P,146.4
Brendan Donovan,1B/3B,147.2
Matt McLain,2B/SS,147.3
Jack Flaherty,1B,149.0
Adolis Garcia,OF,149.1
Robert Suarez,P,149.9
Willy Adames,2B/SS,150.6
Jacob deGrom,1B,150.9
James Wood,1B/3B,153.6
Paul Goldschmidt,3B,153.6
Spencer Schwellenbach,1B,153.6
Bryan Woo,1B,153.7
Hunter Goodman,OF,153.9
Nick Pivetta,1B,155.6
Kerry Carpenter,OF,155.9
Jeremy Pena,2B/SS,156.8
Blake Snell,1B,157.1
Kodai Senga,1B,159.5
Tanner Scott,P,161.5
Jordan Westburg,OF,162.0
Bryan Reynolds,1B/3B,162.3
Alec Bohm,OF,162.4
Vinnie Pasquantino,3B,164.6
MacKenzie Gore,1B,165.3
Logan O'Hoppe,2B,165.3
Randy Arozarena,1B/3B,166.3
Dansby Swanson,2B/SS,168.7
Riley Greene,1B/3B,169.3
Nico Hoerner,SS,169.9
Tommy Edman,OF,170.5
Seiya Suzuki,OF,171.7
Jake Burger,3B,172.7
Brandon Pfaadt,1B,172.9
Chris Bassitt,1B,174.1
CJ Abrams,2B/SS,174.8
George Kirby,1B,177.4
Carlos Rodon,1B,178.5
Jose Alvarado,P,179.6
Ezequiel Tovar,2B/SS,179.8
Pete Crow-Armstrong,OF,180.2
Mitch Keller,1B,181.0
Jose Berrios,1B,181.5
Matt Chapman,OF,184.7
Zach Neto,2B/SS,184.8
Xander Bogaerts,SS,184.9
Christian Yelich,1B/3B,184.9
Yandy Diaz,3B,186.6
Tanner Houck,1B,187.0
Kris Bubic,P,187.7
Anthony Volpe,2B/SS,189.6
Ben Brown,1B,190.6
Tyler Stephenson,2B,190.9
Nathan Eovaldi,1B,191.3
Lourdes Gurriel Jr.,1B/3B,192.1
Yusei Kikuchi,1B,193.0
Bryson Stott,SS,194.2
Griffin Jax,P,195.0
Spencer Steer,1B/3B,195.2
Justin Martinez,P,195.3
Jeff Hoffman,P,196.2
George Springer,OF,199.3
Maikel Garcia,OF,200.3
Kristian Campbell,SS,201.6
Shane Baz,1B,202.4
Ronel Blanco,1B,202.8
Daulton Varsho,OF,203.2
Triston Casas,3B,203.8
Junior Caminero,OF,205.2
Jonathan India,SS,205.6
Royce Lewis,OF,208.2
Mike Trout,OF,210.2
Seth Lugo,1B,210.9
Keibert Ruiz,2B,212.0
Mark Vientos,OF,212.1
Tyler Glasnow,1B,215.7
JJ Bleday,OF,216.6
Alec Burleson,OF,218.6
Bo Bichette,2B/SS,221.6
Francisco Alvarez,2B,224.2
Brandon Nimmo,1B/3B,224.6
Andrew Vaughn,3B,227.3
Tyler Soderstrom,3B,227.4
Brice Turang,SS,229.3
Nick Kurtz,3B,230.2
Brady Singer,1B,231.7
Geraldo Perdomo,2B/SS,232.5
Brandon Woodruff,1B,233.5
Andres Gimenez,SS,235.0
Willi Castro,2B/SS,235.4
Roki Sasaki,1B,236.5
Trevor Megill,P,238.8
Ben Rice,3B,239.8
Jesus Luzardo,1B,240.1
Bryan Abreu,P,241.8
Luis Garcia Jr.,SS,243.4
J.T. Realmuto,2B,243.6
Matthew Boyd,1B,243.7
Jung Hoo Lee,OF,245.0
Sean Murphy,2B,246.3
Luke Weaver,P,246.8
Robbie Ray,1B,247.6
Carlos Correa,2B/SS,248.1
Bowden Francis,P,249.3
Kyle Finnegan,P,249.5
Jacob Misiorowski,1B,249.8
Ceddanne Rafaela,OF,249.9
Trevor Rogers,1B,250.3
Byron Buxton,OF,250.3
Ranger Suarez,1B,250.4
Alejandro Kirk,2B,250.5
Kenley Jansen,P,251.0
Andrew Abbott,1B,251.3
Jackson Holliday,SS,251.5
Michael Busch,3B,251.6
Giancarlo Stanton,DH,251.6
Merrill Kelly,1B,251.6
Spencer Torkelson,3B,252.0
Taj Bradley,1B,252.5
Enrique Hernandez,OF,252.7
Austin Wells,2B,252.8
Jurickson Profar,1B/3B,252.8
Trevor Story,2B/SS,252.9
Jason Adam,P,253.0
Xavier Edwards,2B/SS,253.3
Roman Anthony,OF,253.3
Luis Robert Jr.,OF,253.5
Colt Keith,SS,254.3
Josh Lowe,OF,254.4
Sandy Alcantara,1B,254.4
Hurston Waldrep,1B,254.6
Jasson Dominguez,1B/3B,254.7
Pete Fairbanks,P,254.8
Luis Rengifo,OF,254.9
Justin Steele,1B,255.2
Lars Nootbaar,OF,255.3
Max Scherzer,1B,255.3
Yu Darvish,1B,255.3
Nathaniel Lowe,3B,255.4
Clayton Kershaw,1B,255.4
Jacob Wilson,2B/SS,255.4
Cedric Mullins,OF,255.5
Carlos Estevez,P,255.6
Clay Holmes,P,255.7
Christopher Morel,OF,255.8
David Bednar,P,255.8
Michael Wacha,1B,255.8
Colton Cowser,1B/3B,255.9
Drake Baldwin,2B,256.0
Max Muncy,OF,256.0
Shane Bieber,1B,256.2
Jake Bauers,3B,256.3
Sal Frelick,OF,256.4
Brayan Bello,1B,256.4
Ryan Pepiot,1B,256.4
Nolan McLean,DH,256.4
Heliot Ramos,OF,256.6
Ryan O'Hearn,3B,256.6
Joey Ortiz,OF,256.6
Agustin Ramirez,2B,256.6
Sean Manaea,1B,256.6
Tyler Mahle,1B,256.6
Drew Rasmussen,P,256.6
Ernie Clement,OF,256.7
Jacob Lopez,1B,256.8
Masyn Winn,2B/SS,256.9
Dylan Crews,OF,256.9
Gavin Williams,1B,257.1
Abner Uribe,P,257.1
Camilo Doval,P,257.2
Ryan Pressly,P,257.2
Luke Williams,SS,257.2
Jeff McNeil,SS,257.3
Charlie Morton,1B,257.3
Cade Smith,P,257.3
Tyler O'Neill,1B/3B,257.4
Casey Mize,1B,257.4
Carson Kelly,2B,257.5
Rhys Hoskins,3B,257.5
Clarke Schmidt,1B,257.5
J.P. Crawford,2B/SS,257.5
Nick Lodolo,1B,257.6
Kirby Yates,P,257.6
Cade Horton,1B,257.6
Gavin Lux,SS,257.7
Ryan Mountcastle,3B,257.7
Caleb Durbin,SS,257.7
Freddy Fermin,2B,257.7
Matt Shaw,OF,257.7
Lucas Erceg,P,257.8
Brandon Lowe,SS,257.8
Shane McClanahan,1B,257.8
Nick Martinez,P,257.8
Lance Lynn,1B,257.8
Ramon Laureano,OF,257.9
Mauricio Dubon,1B/3B,257.9
Zach McKinstry,2B/SS,257.9
Jose Quintana,1B,257.9
Kyle Manzardo,DH,258.0
Ivan Herrera,2B,258.0
Javier Baez,2B/SS,258.0
Jose Caballero,2B/SS,258.0
Wilyer Abreu,OF,258.0
Spencer Horwitz,3B,258.1
Matt Strahm,P,258.1
Austin Hays,1B/3B,258.1
Hayden Birdsong,1B,258.1
Nestor Cortes,1B,258.2
Carlos Santana,3B,258.2
Carlos Narvaez,2B,258.2
Zach Eflin,1B,258.2
Jake Cronenworth,3B,258.3
Quinn Priester,1B,258.3
TJ Friedl,OF,258.3
Dylan Moore,2B/SS,258.3
Dustin May,1B,258.3
Jorge Soler,OF,258.3
Ke'Bryan Hayes,OF,258.4
Ryan Jeffers,2B,258.4
Brett Baty,OF,258.4
Noelvi Marte,OF,258.4
Addison Barger,OF,258.4
David Peterson,1B,258.5
Tyler Rogers,P,258.5
Grant Holmes,P,258.5
Erick Fedde,1B,258.6
Cole Young,2B/SS,258.6
Justin Verlander,1B,258.6
Chandler Simpson,OF,258.6
Isiah Kiner-Falefa,SS,258.6
Will Vest,P,258.6
Josh Jung,OF,258.7
Nick Allen,2B/SS,258.7
Andy Pages,OF,258.7
Thairo Estrada,SS,258.7
Edmundo Sosa,2B/SS,258.7
Isaac Collins,1B/3B,258.7
Ryan McMahon,OF,258.7
Porter Hodge,P,258.7
Matthew Liberatore,P,258.7
Chase Burns,1B,258.7
Bo Naylor,2B,258.7
Jeremiah Estrada,P,258.7
Gregory Soto,P,258.7
Eric Lauer,1B,258.8
Randy Rodriguez,P,258.8
Jonah Heim,2B,258.8
Bubba Chandler,1B,258.8
Nacho Alvarez Jr.,SS,258.8
Miles Mikolas,1B,258.8
Nolan Gorman,SS,258.9
Trent Grisham,OF,258.9
Shane Smith,1B,258.9
Cam Smith,OF,258.9
Grayson Rodriguez,1B,258.9
Blake Treinen,P,258.9
Tyler Holton,P,259.0
Harrison Bader,OF,259.0
Miguel Andujar,1B/3B,259.0
Jorge Polanco,SS,259.0
Dillon Dingler,2B,259.0
Jameson Taillon,1B,259.0
Emilio Pagan,P,259.0
Luke Keaschall,SS,259.0
Kyren Paris,SS,259.0
Jakob Marsee,OF,259.1
Gerrit Cole,1B,259.1
Travis d'Arnaud,2B,259.1
Kyle Stowers,1B/3B,259.1
Orlando Arcia,2B/SS,259.1
Hyeseong Kim,SS,259.1
Evan Carter,1B/3B,259.1
Spencer Arrighetti,1B,259.1
Davis Schneider,1B/3B,259.2
Luke Jackson,P,259.2
Samuel Basallo,2B,259.2
Orion Kerkering,P,259.2
Justin Turner,3B,259.2
Lucas Giolito,1B,259.2
Brandon Marsh,1B/3B,259.2
Victor Scott II,OF,259.2
Jordan Walker,OF,259.2
Elias Diaz,2B,259.2
Daniel Palencia,P,259.2
Joel Payamps,P,259.2
Josh Bell,3B,259.3
Matt Brash,P,259.3
Andrew McCutchen,DH,259.3
Andruw Monasterio,OF,259.3
Miguel Vargas,OF,259.3
Romy Gonzalez,SS,259.3
Mark Leiter Jr.,P,259.3
Aaron Ashby,P,259.3
Jacob Young,OF,259.3
Mike Yastrzemski,OF,259.3
Tobias Myers,1B,259.3
Nick Gonzales,SS,259.3
Dylan Lee,P,259.3
Luis Severino,1B,259.3
Brad Keller,P,259.4
Jac Caglianone,3B,259.4
Connor Norby,OF,259.4
JP Sears,1B,259.4
Louis Varland,P,259.4
Lenyn Sosa,OF,259.4
Christian Vazquez,2B,259.4
Chris Paddack,1B,259.4
Christian Moore,SS,259.4
Joey Wentz,P,259.4
Pierce Johnson,P,259.4
Jake Irvin,1B,259.4
Alex Vesia,P,259.4
Jose Trevino,2B,259.4
Colin Rea,1B,259.4
Jose Iglesias,SS,259.4
Alexis Diaz,P,259.4
JoJo Romero,P,259.4
Christian Encarnacion-Strand,3B,259.5
Nick Meyer,2B,259.5
David Fry,2B,259.5
Garrett Mitchell,OF,259.5
Colson Montgomery,2B/SS,259.5
Masataka Yoshida,DH,259.5
Brent Suter,P,259.5
Jack Leiter,1B,259.5
Caleb Thielbar,P,259.5
Joey Bart,2B,259.5
Luisangel Acuna,2B/SS,259.5
Jeffrey Springs,1B,259.5
Garrett Whitlock,1B,259.5
Matt James Kroon,1B/3B,259.5
Mitch Garver,2B,259.5
Luis Gil,1B,259.5
Myles Straw,OF,259.5
Will Warren,1B,259.5
Andre Pallante,1B,259.5
Will Benson,1B/3B,259.5
Dean Kremer,1B,259.5
Kyle Farmer,SS,259.5
Vidal Brujan,SS,259.5
Kyle Higashioka,2B,259.5
Tomoyuki Sugano,1B,259.5
Jared Triolo,OF,259.5
Ty France,3B,259.5
Seth Corry,P,259.5
Chad Green,P,259.5
Santiago Espinal,OF,259.5
Eli White,OF,259.5
Noah Cameron,1B,259.6
Dalton Rushing,2B,259.6
Jake Rogers,2B,259.6
Dennis Santana,P,259.6
Aaron Bummer,P,259.6
Zack Littell,1B,259.6
Hunter Gaddis,P,259.6
Walker Buehler,1B,259.6
Michael Conforto,1B/3B,259.6
Starling Marte,OF,259.6
Nolan Schanuel,3B,259.6
Ronny Mauricio,SS,259.6
Kyle Nicolas,P,259.6
Gavin Sheets,OF,259.6
Tommy Pham,OF,259.6
Gabriel Moreno,2B,259.6
Amed Rosario,SS,259.6
Sean Newcomb,P,259.6
Carmen Mlodzinski,P,259.6
Ryan Fernandez,P,259.6
Brendon Little,P,259.6
Andrew Kittredge,P,259.6
Thomas Saggese,SS,259.6
Cristian Javier,1B,259.6
Jo Adell,OF,259.6
Connor Wong,2B,259.6
Taijuan Walker,1B,259.6
Victor Caratini,2B,259.6
Reese Olson,1B,259.6
Chase Dollander,1B,259.6
Jesus Sanchez,OF,259.6
Tink Hence,1B,259.6
Danny Jansen,2B,259.6
Tyler Anderson,1B,259.6
Jacob Latz,P,259.6
Eury Perez,1B,259.6
Zack Gelof,SS,259.6
Edward Cabrera,1B,259.6
Ben Casparius,1B,259.6
Jesse Winker,1B/3B,259.6
Alan Trejo,SS,259.7
Brock Stewart,P,259.7
John King,P,259.7
Josh Smith,OF,259.7
Aaron Leasher,P,259.7
Julio Rodriguez,2B,259.7
Darin Ruf,DH,259.7
Chadwick Tromp,2B,259.7
Jacob Gonzalez,2B/SS,259.7
Adam Frazier,SS,259.7
Eduard Bazardo,P,259.7
Chase Petty,1B,259.7
Liam Hicks,2B,259.7
Bryce Elder,1B,259.7
Taylor Rogers,P,259.7
Brandon Waddell,P,259.7
David Peralta,OF,259.7
Johnathan Rodriguez,OF,259.7
Jose Devers,SS,259.7
Caleb Lomavita,2B,259.7
Mike Burrows,1B,259.7
Jared Jones,1B,259.7
Andrew Chafin,P,259.7
Wenceel Perez,OF,259.7
Luis Campusano,2B,259.7
Owen Caissie,OF,259.7
Austin Wynns,2B,259.7
Scott Barlow,P,259.7
Austin Hedges,2B,259.7
Gabriel Arias,OF,259.7
Juremi Profar,3B,259.7
Kyle Hendricks,1B,259.7
Rodolfo Castro,SS,259.7
Brooks Lee,2B/SS,259.7
Cristian Pache,OF,259.7
Colin Holderman,P,259.7
Matt Festa,P,259.7
Kris Bryant,OF,259.7
Leody Taveras,OF,259.7
Jorge Mateo,SS,259.7
Miguel Amaya,2B,259.7
Jordan Hicks,1B,259.7
Sean Hjelle,P,259.7
Sean Guenther,P,259.7
Luis Torrens,2B,259.7
David Robertson,P,259.7
Adrian Morejon,P,259.7
Sean Reid-Foley,P,259.7
Edgardo Henriquez,P,259.7
Tyler Freeman,OF,259.7
Omar Cruz,P,259.7
Tanner Gordon,1B,259.7
George Lombard Jr.,2B/SS,259.7
Robinson Cano,SS,259.7
Cam Schlittler,1B,259.7
Eddy Alvarez,SS,259.7
Dylan Dodd,1B,259.7
Andre Jackson,P,259.7
Gary Sanchez,2B,259.7
Brandon Lockridge,1B/3B,259.7
Jakob Junis,P,259.7
Joshua Palacios,OF,259.7
Mickey Moniak,OF,259.7
Jacob Stallings,2B,259.7
Fernando Cruz,P,259.7
Kai-Wei Teng,P,259.7
Parker Meadows,OF,259.7
Ryan Bergert,1B,259.7
Brett Harris,OF,259.7
Kyle Freeland,1B,259.7
Alexander Canario,1B/3B,259.7
Otto Kemp,OF,259.7
Sergio Alcantara,2B/SS,259.7
Daniel Woodrow,OF,259.7
Jiman Choi,3B,259.7
Luke Raley,1B/3B,259.7
Mason Montgomery,P,259.8
Andrew Fischer,OF,259.8
Jacob Webb,P,259.8
Warming Bernabel,OF,259.8
Ryan Brasier,P,259.8
Brayan Rocchio,2B/SS,259.8
Dane Myers,OF,259.8
Kaden Polcovich,OF,259.8
Joey Loperfido,1B/3B,259.8
Isaac Mattson,P,259.8
Miguel Rojas,2B/SS,259.8
Jose Herrera,2B,259.8
Gage Wood,1B,259.8
Emerson Hancock,1B,259.8
Tyler Kinley,P,259.8
Aaron Civale,1B,259.8
Brice Matthews,2B/SS,259.8
Daniel Schneemann,2B/SS,259.8
Abraham Toro,OF,259.8
Jake Meyers,OF,259.8
Luis Morales,1B,259.8
Daysbel Hernandez,P,259.8
Yariel Rodriguez,1B,259.8
Anthony Rizzo,3B,259.8
Nick Loftin,SS,259.8
Ben Joyce,P,259.8
Ji Hwan Bae,OF,259.8
Matt Waldron,1B,259.8
Shelby Miller,P,259.8
AJ Pollock,1B/3B,259.8
JoJo Parker,2B/SS,259.8
Tyler Phillips,1B,259.8
Alek Jacob,P,259.8
Dane Dunning,1B,259.8
Justin Wrobleski,1B,259.8
Pedro Pages,2B,259.8
Javier Sanoja,OF,259.8
Jack Dreyer,P,259.8
Yohel Pozo,2B,259.8
Sam Moll,P,259.8
Carlos Cortes,SS,259.8
Garrett Cooper,3B,259.8
Nathan Lukes,1B/3B,259.8
CJ Kayfus,3B,259.8
Jonatan Clase,1B/3B,259.8
Tyler Fitzgerald,2B/SS,259.8
Kevin Alcantara,OF,259.8
Carlos Vargas,P,259.8
Marcelo Mayer,2B/SS,259.8
Cesar Prieto,OF,259.8
Alex Freeland,2B/SS,259.8
Kyle Leahy,P,259.8
Angel Martinez,OF,259.8
Yennsy Diaz,P,259.8
Lane Thomas,OF,259.8
Tommy Nance,P,259.8
Colten Brewer,P,259.8
Drew Pomeranz,P,259.8
Liover Peguero,2B/SS,259.8
Tony Santillan,P,259.8
Dominic Canzone,OF,259.8
Andrew Saalfrank,P,259.8
Paxton Schultz,P,259.8
Blake Perkins,OF,259.8
Chris Taylor,1B/3B,259.8
Henry Davis,2B,259.8
Angel Zerpa,P,259.8
Jake Bird,P,259.8
Jorge Alcala,P,259.8
Jon Berti,OF,259.8
Daylen Lile,1B/3B,259.8
Gabe Speier,P,259.8
Garrett Hampson,OF,259.8
Matt Krook,P,259.8
Luis Guerrero,SS,259.8
Yennier Cano,P,259.8
Luis A Rodriguez,P,259.9
Braxton Ashcraft,1B,259.9
Will Wilson,2B/SS,259.9
Alek Manoah,1B,259.9
Cody Bradford,1B,259.9
Leo Jimenez,2B/SS,259.9
Yerry De los Santos,P,259.9
Kumar Rocker,1B,259.9
Reese McGuire,2B,259.9
Frankie Montas,1B,259.9
Emmet Sheehan,1B,259.9
Jeimer Candelario,OF,259.9
Craig Kimbrel,P,259.9
Ben Williamson,OF,259.9
Casey Schmitt,SS,259.9
Donovan Solano,OF,259.9
Alejandro Osuna,OF,259.9
Trevor Larnach,1B/3B,259.9
Andrew Heaney,1B,259.9
Calvin Faucher,P,259.9
Tim Hill,P,259.9
Matt Wallner,OF,259.9
Joey Cantillo,1B,259.9
A.J. Puk,P,259.9
Justin Lawrence,P,259.9
Jackson Jobe,1B,259.9
Jason Alexander,1B,259.9
Buck Farmer,P,259.9
Trent Thornton,P,259.9
Jaison Chourio,OF,259.9
Jordan Romano,P,259.9
Reed Garrett,P,259.9
Carson Williams,2B/SS,259.9
Griffin Conine,OF,259.9
Martin Perez,1B,259.9
Justin Sterner,P,259.9
Shawn Armstrong,P,259.9
Tyler Heineman,2B,259.9
Randal Grichuk,OF,259.9
Joc Pederson,DH,259.9
Cade Povich,1B,259.9
Jake Andrew Eder,1B,259.9
Tayler Saucedo,P,259.9
Robert Garcia,P,259.9
Jonathan Aranda,3B,259.9
Tyler Tolbert,2B/SS,259.9
Jake Fraley,OF,259.9
Luis F. Castillo,P,259.9
Willie MacIver,2B,259.9
Rafael Montero,P,259.9
Tyler Wade,OF,259.9
Griffin Canning,1B,259.9
Jacob Barnes,P,259.9
Andy Ibanez,SS,259.9
Matt Vierling,OF,259.9
Jonathan Loaisiga,P,259.9
Davis Martin,1B,259.9
Michael McGreevy,1B,259.9
Max Meyer,1B,259.9
Jose Soriano,1B,259.9
Tsung-Che Cheng,2B/SS,259.9
Tirso Ornelas,1B/3B,259.9
Edgar Quero,2B,259.9
Luis Urias,OF,259.9
Deyvison De Los Santos,3B,259.9
Cole Irvin,1B,259.9
Enyel De Los Santos,P,259.9
Cristian Mena,1B,259.9
John Rave,1B/3B,259.9
Seth Halvorsen,P,259.9
Adrian Houser,P,259.9
Jesus Aguilar,3B,260.0
Chuckie Robinson,2B,260.0
Maikel Franco,OF,260.0
Tyler Alexander,P,260.0
Rougned Odor,SS,260.0
Ethan Elliott,1B,260.0
Anthony Rendon,OF,260.0
Jose Alvarez,P,260.0
Sandy Leon,2B,260.0
Anderson Pilar,P,260.0
Ryan Tepera,P,260.0
Yan Gomes,2B,260.0
Chris Roycroft,P,260.0
Zebby Matthews,1B,260.0
Elvin Rodriguez,1B,260.0
Brock Wilken,OF,260.0
Domingo Tapia,P,260.0
Carlos Rodriguez,OF,260.0
Jasseel De La Cruz,P,260.0
Parker Dunshee,P,260.0
Alex Reyes,P,260.0
Johan Oviedo,1B,260.0
Cody Bolton,P,260.0
Glenn Otto,P,260.0
Dominic Smith,3B,260.0
Alberto Tirado,P,260.0
Carlos Tocci,OF,260.0
Jeisson Rosario,OF,260.0
Jorge Bonifacio,OF,260.0
Stuart Fairchild,OF,260.0
C.J. Cron,3B,260.0
Robert Stephenson,P,260.0
Antonio Cabello,2B,260.0
Hunter Renfroe,OF,260.0
Sandy Gaston,P,260.0
Julio Urias,1B,260.0
Kolton Ingram,P,260.0
Tom Murphy,2B,260.0
Franklin Barreto,OF,260.0
Denyi Reyes,P,260.0
Nabil Crismatt,1B,260.0
Hunter Dozier,OF,260.0
Michael Feliz,P,260.0
Akeem Bostick,P,260.0
Ryan Hartman,1B,260.0
Wade Meckler,OF,260.0
Ronny Brito,OF,260.0
Peter Solomon,1B,260.0
Arnaldo Hernandez,P,260.0
Jake Kalish,1B,260.0
Mason Englert,P,260.0
Dawel Lugo,OF,260.0
Billy McKinney,1B/3B,260.0
Mariel Bautista,OF,260.0
Austin Meadows,1B/3B,260.0
Jimmy Lambert,1B,260.0
Nick Avila,P,260.0
Daniel Norris,P,260.0
Jhonathan Diaz,1B,260.0
Dylan Coleman,P,260.0
Carl Edwards Jr.,P,260.0
Jon Gray,1B,260.0
Marcos Brito,OF,260.0
Marek Houston,2B/SS,260.0
Nick Margevicius,1B,260.0
Jesse Scholtens,P,260.0
Will Brennan,OF,260.0
Ricardo Sanchez,1B,260.0
Raimel Tapia,OF,260.0
Lewis Thorpe,1B,260.0
Jason Delay,2B,260.0
Tyler Locklear,3B,260.0
Kevin Ginkel,P,260.0
Ronald Guzman,P,260.0
Felix Jorge,1B,260.0
Brady Feigl,1B,260.0
Francisco Mejia,2B,260.0
Brian Serven,2B,260.0
Jose Godoy,2B,260.0
Michael Lorenzen,1B,260.0
Zach Cole,OF,260.0
Nolan Hoffman,P,260.0
Slade Cecconi,1B,260.0
Luke Maile,2B,260.0
Adrian Del Castillo,2B,260.0
J.P. France,1B,260.0
Vaun Brown,1B/3B,260.0
David Buchanan,1B,260.0
Brian Van Belle,1B,260.0
Wes Parsons,P,260.0
Rodney Boone,1B,260.0
Sebastian Rivero,2B,260.0
Chad Dallas,1B,260.0
Angel Perdomo,P,260.0
Miguel Sanchez,P,260.0
Harold Ramirez,DH,260.0
Ryne Stanek,P,260.0
Alec Marsh,1B,260.0
Andrew Knapp,2B,260.0
Christian Arroyo,SS,260.0
Brewer Hicklen,OF,260.0
Israel Pineda,2B,260.0
Clint Frazier,OF,260.0
Eduarqui Fernandez,OF,260.0
Rico Garcia,P,260.0
Hunter Harvey,P,260.0
Yilber Diaz,1B,260.0
Brett Wisely,SS,260.0
Nick Sandlin,P,260.0
Ben Lively,1B,260.0
Nick Wittgren,P,260.0
JT Brubaker,1B,260.0
Moises Gomez,OF,260.0
Riley O'Brien,P,260.0
Erik Sabrowski,P,260.0
Javier Atencio,1B,260.0
Enmanuel De Jesus,1B,260.0
Drew Carlton,P,260.0
Deivy Grullon,2B,260.0
Geronimo Franzua,P,260.0
Trevor Hauver,1B/3B,260.0
Jonny DeLuca,OF,260.0
Greg Weissert,P,260.0
Luke Barker,P,260.0
Jose Mujica,P,260.0
Jairo Labourt,P,260.0
Pedro Severino,2B,260.0
Jefry Rodriguez,1B,260.0
Corey Julks,OF,260.0
Ralph Garza Jr.,P,260.0
Anderson Severino,P,260.0
Daniel Alvarez,P,260.0
Franmil Reyes,1B/3B,260.0
Justin Dean,OF,260.0
Franchy Cordero,OF,260.0
Darren McCaughan,P,260.0
Danny Dopico,P,260.0
Dylan Covey,P,260.0
Emmanuel Ramirez,P,260.0
Drew Swift,OF,260.0
Gage Workman,OF,260.0
Drew Thorpe,1B,260.0
Alika Williams,SS,260.0
Kyle Teel,2B,260.0
Gus Varland,P,260.0
Austin Kitchen,P,260.0
Enmanuel Valdez,SS,260.0
Clayton Andrews,P,260.0
Zach Muckenhirn,P,260.0
Kevin Smith,2B/SS,260.0
Logan Evans,1B,260.0
Mauricio Llovera,P,260.0
Spenser Watkins,1B,260.0
Kyle Brnovich,1B,260.0
Connor Brogdon,P,260.0
Adrian Martinez,P,260.0
Wladimir Pinto,P,260.0
Jamie Arnold,1B,260.0
Enoli Paredes,P,260.0
Kit Scheetz,P,260.0
Richie Palacios,SS,260.0
Luis Santana,OF,260.0
Janser Lara,P,260.0
Hogan Harris,P,260.0
Jake Wong,1B,260.0
Connor Seabold,P,260.0
Trent Deveaux,1B/3B,260.0
Yerdel Vargas,SS,260.0
Anthony DeSclafani,1B,260.0
Yefri Del Rosario,P,260.0
Yunior Severino,3B,260.0
Joey Gerber,P,260.0
Tim Anderson,2B/SS,260.0
Orlando Martinez,OF,260.0
Harrison Wenson,2B,260.0
Trey Mancini,3B,260.0
Franco Aleman,P,260.0
Tanner Tully,1B,260.0
Zach Root,1B,260.0
Dalton Guthrie,OF,260.0
Carlos De La Cruz,OF,260.0
Carson McCusker,OF,260.0
Zack Kelly,P,260.0
Jhostynxon Garcia,OF,260.0
Chase Meidroth,2B/SS,260.0
Jared Young,OF,260.0
Ike Irish,2B,260.0
Chi Chi Gonzalez,1B,260.0
Aledmys Diaz,2B/SS,260.0
Ryan Fitzgerald,SS,260.0
Aaron Sabato,3B,260.0
Carlos Andres Cortes,OF,260.0
Chris Roller,OF,260.0
Robel Garcia,OF,260.0
Brandon Sproat,1B,260.0
J.C. Escarra,2B,260.0
Eric Haase,2B,260.0
Matt Duffy,SS,260.0
Grant Koch,2B,260.0
Brad Lord,1B,260.0
Tyler Zombro,P,260.0
Rob Refsnyder,1B/3B,260.0
Logan Porter,2B,260.0
Jake Cave,OF,260.0
Trey Harris,OF,260.0
R.J. Dabovich,P,260.0
Tyler Ferguson,P,260.0
Caleb Baragar,P,260.0
Brandyn Garcia,1B,260.0
Richard Gallardo,1B,260.0
D'Shawn Knowles,1B/3B,260.0
Roenis Elias,1B,260.0
Jonathan Bowlan,P,260.0
Blaze Alexander,2B/SS,260.0
Riley Quick,1B,260.0
Dominic Leone,P,260.0
Larry Ernesto,1B/3B,260.0
Marco Gonzales,1B,260.0
Stanley Consuegra,OF,260.0
Gerardo Carrillo,P,260.0
Cooper Hummel,1B/3B,260.0
Chavez Young,OF,260.0
Nathan Hickey,2B,260.0
Hunter Barco,1B,260.0
Alan Roden,OF,260.0
Humberto Arteaga,2B/SS,260.0
Levi Jordan,SS,260.0
Ethan Conrad,OF,260.0
Tim Tawa,SS,260.0
Leonel Valera,2B/SS,260.0
Nate Lavender,P,260.0
Garrett Acton,P,260.0
Curtis Terry,3B,260.0
Spencer Patton,P,260.0
Nick Fortes,2B,260.0
Mike Sirota,OF,260.0
Billy Cook,OF,260.0
Javier Betancourt,SS,260.0
Sean Reynolds,P,260.0
Alfonso Rivas III,3B,260.0
Andrew Moore,P,260.0
Demarcus Evans,P,260.0
Denny Bentley,P,260.0
Eduar Segovia,P,260.0
Carlos Santiago,SS,260.0
Ricardo Genoves,2B,260.0
Sadrac Franco,P,260.0
Ryan Weber,P,260.0
Hayden Cantrelle,SS,260.0
Carter Baumler,P,260.0
Ty Adcock,P,260.0
Jack Winkler,2B/SS,260.0
Richard Bleier,P,260.0
Cullen Large,OF,260.0
Elier Hernandez,OF,260.0
Jack Lopez,SS,260.0
Jhon Torres,1B/3B,260.0
Bennett Sousa,P,260.0
Michael Darrell-Hicks,P,260.0
Trey Cabbage,OF,260.0
Carlos Linarez,2B,260.0
Manuel Margot,1B/3B,260.0
Robert Broom,P,260.0
Hunter Feduccia,2B,260.0
Emerson Jimenez,P,260.0
James Outman,OF,260.0
Trevor Gott,P,260.0
Braden Bristo,P,260.0
Jonathon Long,OF,260.0
Abrahan Gutierrez,2B,260.0
Naoyuki Uwasawa,P,260.0
Joe Barlow,P,260.0
Kendall Graveman,P,260.0
Steven Wilson,P,260.0
Danny Coulombe,P,260.0
Adam Kolarek,P,260.0
Luis Pena,P,260.0
Gregory Guerrero,SS,260.0
Eli Morgan,P,260.0
Cory Abbott,P,260.0
Konnor Pilkington,1B,260.0
Ty Blach,1B,260.0
John Rooney,P,260.0
Danny Mendick,OF,260.0
Lyon Richardson,1B,260.0
Carlos Herrera,1B,260.0
Jonathan Ornelas,OF,260.0
Carlos Sanabria,P,260.0
Tayron Guerrero,P,260.0
Royber Salinas,1B,260.0
Wilmer Difo,SS,260.0
Domingo German,1B,260.0
Cal Stevenson,OF,260.0
Domingo Leyba,OF,260.0
Jandel Gustave,P,260.0
Tyler Duffey,P,260.0
Kenny Rosenberg,1B,260.0
Ford Proctor,OF,260.0
Easton McGee,P,260.0
Drew Rucinski,1B,260.0
Tyler McDonough,SS,260.0
Alex Claudio,P,260.0
Michael Petersen,P,260.0
Luca Tresh,2B,260.0
Chandler Seagle,2B,260.0
Justin Dirden,OF,260.0
Chad Wallach,2B,260.0
Dauri Moreta,P,260.0
Matt Bowman,P,260.0
Ibandel Euclides Isabel,DH,260.0
Yoan Lopez,P,260.0
Joe Mantiply,P,260.0
Alejo Lopez,OF,260.0
Wade Stauss,2B,260.0
Cam Gallagher,2B,260.0
Yohan Ramirez,P,260.0
Nick Gordon,1B/3B,260.0
Humberto Castellanos,1B,260.0
Amir Garrett,P,260.0
Jace LaViolette,OF,260.0
Brad Miller,DH,260.0
Forrest Wall,1B/3B,260.0
Eduardo Garcia,2B/SS,260.0
Osiel Rodriguez,P,260.0
Gabriel Rodriguez,OF,260.0
Orelvis Martinez,SS,260.0
Edwin Uceta,P,260.0
Tristan Beck,1B,260.0
Blake Sabol,2B,260.0
Kody Clemens,3B,260.0
Drew VerHagen,P,260.0
Luken Baker,DH,260.0
Scott Alexander,P,260.0
Aaron Brooks,1B,260.0
Braydon Fisher,P,260.0
Nick Nelson,P,260.0
Ryan Yarbrough,P,260.0
David Garcia,2B,260.0
Pierson Ohl,1B,260.0
Johan Camargo,2B/SS,260.0
Juan Fernandez,OF,260.0
Ty Floyd,1B,260.0
Jhoan Urena,3B,260.0
Irving Lopez,SS,260.0
Alex Jackson,2B,260.0
Jojanse Torres,P,260.0
Aramis Garcia,2B,260.0
Cesar Salazar,2B,260.0
Steven Okert,P,260.0
Kohei Arihara,1B,260.0
Mark Kolozsvary,2B,260.0
Derek Hill,OF,260.0
Tommy La Stella,DH,260.0
Rafael Lantigua,SS,260.0
Ray Delgado,OF,260.0
Brennen Davis,1B/3B,260.0
Chayce McDermott,1B,260.0
Freddy Valdez,OF,260.0
Joely Rodriguez,P,260.0
Domingo Robles,1B,260.0
Steven Matz,1B,260.0
Jose Urena,P,260.0
Jesse Hahn,P,260.0
Robinson Ortiz,P,260.0
Jonathan Willems,SS,260.0
Nick Burdi,P,260.0
Mike Mayers,P,260.0
Spencer Turnbull,P,260.0
Micker Adolfo,OF,260.0
Caleb Boushley,1B,260.0
Agustin Ruiz,OF,260.0
Aristides Aquino,OF,260.0
Antonio Senzatela,1B,260.0
Ryley Gilliam,P,260.0
Johan Simon,P,260.0
Miguel Diaz,P,260.0
Elmer Cruz-Rodriguez,1B,260.0
Drew Gray,1B,260.0
Elniery Garcia,P,260.0
Abimelec Ortiz,3B,260.0
Adrian Rondon,OF,260.0
Brooks Wilson,P,260.0
Joe Jimenez,P,260.0
Marcos Molina,1B,260.0
Sean Bouchard,OF,260.0
Tyler Beede,P,260.0
Jonatan Bernal,1B,260.0
Luis Ledo,P,260.0
Accimias Morales,1B,260.0
Geison Urbaez,P,260.0
Fitzpatrick Miller Stadler,P,260.0
Peniel Brito,DH,260.0
Jomar Reyes,OF,260.0
Nikau Pouaka-Grego,OF,260.0
Candido Cuevas,P,260.0
Marcos Diplan,P,260.0
Brian Anderson,3B,260.0
Raimon Gomez,1B,260.0
Yeyson Yrizarri,OF,260.0
Justin Armbruester,1B,260.0
Kayson Cunningham,2B/SS,260.0
Kruz Schoolcraft,1B,260.0
Roberto Baldoquin,OF,260.0
Isael Soto,OF,260.0
Vance Honeycutt,OF,260.0
Andrew Bellatti,P,260.0
Gavin Fien,2B/SS,260.0
Slater de Brun,OF,260.0
Xavier Neyens,2B/SS,260.0
Alex Verdugo,1B/3B,260.0
Richard Urena,OF,260.0
Cole Tucker,OF,260.0
Touki Toussaint,P,260.0
Jen-Ho Tseng,1B,260.0
Robert Perez,OF,260.0
J.D. Davis,3B,260.0
Josh Hammond,2B/SS,260.0
Sean Gamble,OF,260.0
Scott Blewett,P,260.0
Tate Southisene,2B/SS,260.0
Jakson Reetz,2B,260.0
Miguel Castro,P,260.0
Kyle Nelson,P,260.0
Ricardo Pinto,P,260.0
Luis Ramirez,P,260.0
Brett Phillips,OF,260.0
Michael Chavis,SS,260.0
Ethan Holliday,2B/SS,260.0
Seth Hernandez,1B,260.0
Dom Nunez,2B,260.0
Daniel Pierce,2B/SS,260.0
Lane Ramsey,P,260.0
Brent Honeywell,P,260.0
Carson Palmquist,1B,260.0
Mick Abel,1B,260.0
Yerry Rodriguez,P,260.0
Shervyen Newton,2B/SS,260.0
Miguel Hiraldo,SS,260.0
Burch Smith,P,260.0
Kutter Crawford,1B,260.0
Jurrangelo Cijntje,1B,260.0
Aaron Bracho,3B,260.0
Dilson Herrera,SS,260.0
Austin Cox,P,260.0
Nick Maton,2B/SS,260.0
Jose Abreu,3B,260.0
Ben Bowden,P,260.0
Magneuris Sierra,OF,260.0
Jarlin Garcia,P,260.0
Zavier Warren,1B/3B,260.0
Garrett Hill,P,260.0
Julio Garcia,SS,260.0
Dylan Floro,P,260.0
Eli Willits,2B/SS,260.0
Yairo Munoz,3B,260.0
Zach Davies,1B,260.0
Billy Carlson,2B/SS,260.0
Amaurys Minier,3B,260.0
Jose De Leon,P,260.0
Vinny Capra,2B/SS,260.0
Jorge Lopez,P,260.0
Steele Hall,2B/SS,260.0
Gilbert Lara,2B/SS,260.0
Franklyn Kilome,1B,260.0
Luis Barrera,1B/3B,260.0
Everson Pereira,OF,260.0
Marcos Gonzalez,SS,260.0
Eric Yang,2B,260.0
Antoni Flores,OF,260.0
Tomas Telis,2B,260.0
Luis Garcia,2B/SS,260.0
Jorge Barrosa,OF,260.0
Hudson Haskin,1B/3B,260.0
Brandon Bielak,P,260.0
Kyle Isbel,OF,260.0
Jeremiah Jackson,2B/SS,260.0
Brady Ebel,2B/SS,260.0
Alex McFarlane,1B,260.0
Dax Kilby,2B/SS,260.0
Chase Shugart,P,260.0
Cam Cannarella,OF,260.0
Wendell Rijo,DH,260.0
Jose Leclerc,P,260.0
Noah Murdock,P,260.0
Armando Alvarez,OF,260.0
Jordan Yost,2B/SS,260.0
Alec Bettinger,1B,260.0
Reynaldo Lopez,1B,260.0
Coco Montes,SS,260.0
Ryan Waldschmidt,1B/3B,260.0
Bryce Johnson,OF,260.0
Eloy Jimenez,DH,260.0
Michael Helman,OF,260.0
Yu Chang,2B/SS,260.0
Andrew Politi,P,260.0
Luis Gonzalez,SS,260.0
Madison Stokes,2B/SS,260.0
Mike Tauchman,OF,260.0
Garrett McDaniels,P,260.0
Tanner Dodson,P,260.0
Zach Shepherd,P,260.0
Grant Anderson,P,260.0
Scott Randall,P,260.0
Brooks Kriske,P,260.0
Brooks Baldwin,SS,260.0
Eduarniel Nunez,P,260.0
Kyle Tyler,1B,260.0
Lucas Luetge,P,260.0
Brandon Dixon,3B,260.0
Trey Yesavage,1B,260.0
Jose Tena,OF,260.0
Jacob Amaya,2B/SS,260.0
Travis Adams,1B,260.0
Adam Oller,1B,260.0
Anthony Bender,P,260.0
Yoan Moncada,OF,260.0
Cameron Cannon,SS,260.0
JJ Wetherholt,2B/SS,260.0
Matthew Bruce Allan,1B,260.0
Hunter David Bishop,OF,260.0
Brandon Eisert,P,260.0
Bryan Hoeing,P,260.0
Tyler Baum,P,260.0
Carlos Belen,P,260.0
Bryan Lavastida,2B,260.0
Codi Heuer,P,260.0
Jose Rodriguez,P,260.0
Jose Siri,OF,260.0
Elvis Escobar,P,260.0
Grant Lavigne,3B,260.0
Daniel Lynch IV,P,260.0
Will Banfield,2B,260.0
Jameson Hannah,1B/3B,260.0
Erich Uelmen,P,260.0
Carlos Hernandez,P,260.0
Diego Cartaya,2B,260.0
Adrian Hernandez,OF,260.0
Ofreidy Gomez,P,260.0
Michael Grove,P,260.0
Tommy Doyle,P,260.0
Owen White,P,260.0
Hunter Dobbins,1B,260.0
Adam Kloffenstein,1B,260.0
Zach Plesac,1B,260.0
Drew Millas,2B,260.0
Yaramil Hiraldo,P,260.0
Tony Kemp,SS,260.0
Yonathan Daza,OF,260.0
Chris Vallimont,1B,260.0
Elvis Alvarado,P,260.0
Paul Richan,1B,260.0
Randy Dobnak,1B,260.0
Kyle Karros,OF,260.0
Trey Wingenter,P,260.0
Gianluca Dalatri,P,260.0
Sam Bachman,1B,260.0
Galvi Moscat,OF,260.0
Gianfranco Wawoe,SS,260.0
Dairon Blanco,1B/3B,260.0
Prelander Berroa,P,260.0
Karl Kauffmann,1B,260.0
Huascar Brazoban,P,260.0
Victor Gonzalez,P,260.0
Blake Taylor,P,260.0
Reid Detmers,1B,260.0
Colin Peluse,P,260.0
Caleb Knight,2B,260.0
Edwin Espinal,3B,260.0
Alfredo Jose Garcia,1B,260.0
Adam Engel,OF,260.0
Jos√© Cardona,OF,260.0
Colby Thomas,1B/3B,260.0
Jimmy Endersby,1B,260.0
Sam Long,P,260.0
Tzu-Wei Lin,2B/SS,260.0
Misael Tamarez,P,260.0
Yoan Aybar,P,260.0
Jake Reed,P,260.0
Blake Cederlind,P,260.0
Humberto Mejia,1B,260.0
Curtis Mead,SS,260.0
Ben Hess,1B,260.0
Miguel Yajure,1B,260.0
Erick Mejia,OF,260.0
Fernery Ozuna,P,260.0
Erick Castillo,2B,260.0
Spencer Jones,OF,260.0
Omar Carrizales,1B/3B,260.0
Anthony Bemboom,2B,260.0
Silvino Bracho,P,260.0
Aaron Fletcher,P,260.0
Austin Gauthier,1B/3B,260.0
Michael Siani,OF,260.0
Ryan Holgate,1B/3B,260.0
Erik Gonzalez,2B/SS,260.0
Juan Graterol,2B,260.0
Alek Thomas,OF,260.0
Deivi Garcia,P,260.0
Ryan Rolison,P,260.0
Elehuris Montero,3B,260.0
Seth Beer,3B,260.0
Sam Hentges,P,260.0
Daniel Susac,2B,260.0
Nivaldo Rodriguez,1B,260.0
Ashton Goudeau,1B,260.0
Bobby Miller,1B,260.0
Antonio Santos,1B,260.0
Tejay Antone,P,260.0
Ricardo Marcano,1B/3B,260.0
Tim Herrin,P,260.0
Erick Pena,OF,260.0
Braden Shewmake,2B/SS,260.0
Tyson Miller,P,260.0
Manuel Rodriguez,P,260.0
Rony Garcia,P,260.0
Greg Allen,OF,260.0
Dany Jimenez,P,260.0
Ryan Clifford,3B,260.0
Eduard Pinto,1B/3B,260.0
Yoshi Tsutsugo,3B,260.0
Ivan Castillo,2B/SS,260.0
Yonathan Mendoza,SS,260.0
Jesus Martinez,OF,260.0
Zack Weiss,P,260.0
Robert Puason,1B/3B,260.0
Hector Yan,1B,260.0
Anthony Seigler,SS,260.0
Tyler Mattison,P,260.0
Jake McCarthy,OF,260.0
Marco Luciano,SS,260.0
Jordyn Adams,OF,260.0
Branden Boissiere,3B,260.0
Chasen Shreve,P,260.0
Luis Oviedo,P,260.0
Joey Wendle,SS,260.0
Rayder Ascanio,OF,260.0
Shogo Akiyama,OF,260.0
Zak Kent,P,260.0
Michael Medina,OF,260.0
Michael Oliveto,2B,260.0
Brayden Taylor,OF,260.0
Bryce Ball,3B,260.0
Peyton Burdick,OF,260.0
Logan Davidson,OF,260.0
Aaron Schunk,SS,260.0
Brandon Williamson,1B,260.0
Sammy Siani,OF,260.0
Zach Dezenzo,3B,260.0
Zachary Maxwell,P,260.0
Michael Toglia,3B,260.0
Julian Aguiar,1B,260.0
Webster Rivas,2B,260.0
Maximo Acosta,2B/SS,260.0
Kameron Misner,OF,260.0
Clay Helvey,P,260.0
Misael Urbina,1B/3B,260.0
Daniel Espino,1B,260.0
Tom Cosgrove,P,260.0
Thaddeus Ward,1B,260.0
Ricky Vanasco,P,260.0
Blake Walston,1B,260.0
Benyamin Bailey,1B/3B,260.0
Alexfri Planez,OF,260.0
Deivy Castillo,OF,260.0
Luis Frias,P,260.0
Omar Narvaez,2B,260.0
Gilberto Jimenez,OF,260.0
JJ Goss,P,260.0
Bryant Packard,OF,260.0
Eddy Diaz,SS,260.0
Matt Thompson,1B,260.0
Luis Verdugo,OF,260.0
Julio Carreras,2B/SS,260.0
Ethan Hankins,1B,260.0
Brailyn Marquez,P,260.0
Jackson Kowar,P,260.0
Jacob Berry,OF,260.0
Kyler Murray,OF,260.0
Owen Miller,3B,260.0
McCade Brown,1B,260.0
Mason Denaburg,P,260.0
Santiago Florez,P,260.0
Jordan Balazovic,P,260.0
Connor Scott,OF,260.0
Yeison Coca,OF,260.0
Jackson Rutledge,1B,260.0
Luis Curvelo,P,260.0
Davis Wendzel,OF,260.0
Dauri Lorenzo,SS,260.0
Darryl Collins,1B/3B,260.0
Nick Frasso,1B,260.0
Osleivis Basabe,2B/SS,260.0
Jeferson Espinal,OF,260.0
Luis Toribio,OF,260.0
Cooper Criswell,1B,260.0
Hagen Smith,1B,260.0
Arol Vera,OF,260.0
Canaan Smith-Njigba,1B/3B,260.0
Heriberto Hernandez,1B/3B,260.0
Alexander Mojica,3B,260.0
Austin Love,1B,260.0
Ezequiel Duran,OF,260.0
Jairo Pomares,OF,260.0
Andry Lara,1B,260.0
Hyun-il Choi,1B,260.0
Jose De La Cruz,OF,260.0
Drey Jameson,P,260.0
Josiah Gray,1B,260.0
Nick Madrigal,OF,260.0
Matt Reynolds,SS,260.0
Luis Patino,P,260.0
Cole Winn,P,260.0
Ildemaro Vargas,OF,260.0
Ryan Weathers,1B,260.0
Wilderd Patino,OF,260.0
Ronnier Quintero,2B,260.0
Alex De Jesus,OF,260.0
Antoine Kelly,P,260.0
Keithron Moss,SS,260.0
Junior Perez,OF,260.0
Mason Barnett,1B,260.0
Samuel Hernandez,2B,260.0
Yohander Martinez,SS,260.0
Tyler Cropley,2B,260.0
Maikol Escotto,OF,260.0
Bayron Lora,OF,260.0
Rowdy Tellez,3B,260.0
Oswald Peraza,2B/SS,260.0
Raimfer Salinas,OF,260.0
Ismael Mena,1B/3B,260.0
Kendall Williams,1B,260.0
Zack Thompson,1B,260.0
Matthew Lugo,1B/3B,260.0
Tyler Callihan,SS,260.0
Reggie Crawford,P,260.0
Emmanuel Rodriguez,OF,260.0
Wilmin Candelario,OF,260.0
Reginald Preciado,OF,260.0
Alexander Vizcaino,1B,260.0
Joey Wiemer,1B/3B,260.0
Shawn Dubin,P,260.0
Ethan Small,P,260.0
Seth Johnson,1B,260.0
Alex Ramirez,OF,260.0
Jeremy De La Rosa,OF,260.0
Adinso Reyes,OF,260.0
Jimmy Lewis,P,260.0
Andrew Hoffmann,1B,260.0
Rafael Morel,OF,260.0
Victor Bericoto,3B,260.0
Chandler Champlain,1B,260.0
Vaughn Grissom,SS,260.0
Brandon Walter,P,260.0
Jhonkensy Noel,OF,260.0
Robert Dominguez,P,260.0
Caleb Simpson,P,260.0
Jair Camargo,2B,260.0
AJ Blubaugh,1B,260.0
Jake Bloss,1B,260.0
Thomas Jankins,P,260.0
Ramon Rosso,P,260.0
T.J. Sikkema,1B,260.0
Jordan Diaz,SS,260.0
Nicholas Padilla,P,260.0
Yariel Gonzalez,2B/SS,260.0
Hedbert Perez,1B/3B,260.0
Sean Burke,1B,260.0
James Meeker,P,260.0
Brett de Geus,P,260.0
Nathan Church,OF,260.0
Lake Bachar,P,260.0
Raffi Vizcaino,P,260.0
Cristian Alvarado,P,260.0
Tyler Zuber,P,260.0
Charlie Barnes,1B,260.0
Anthony Maldonado,P,260.0
Edwar Colina,P,260.0
Termarr Johnson,SS,260.0
Druw Jones,OF,260.0
Jonathan Heasley,P,260.0
Thomas Parsons,1B,260.0
Rece Hinds,OF,260.0
Max Lazar,P,260.0
Ron Marinaccio,P,260.0
Jerar Encarnacion,OF,260.0
Brock Porter,1B,260.0
Ian Hamilton,P,260.0
Andrew Vasquez,P,260.0
Victor Mesa,1B/3B,260.0
Michael Plassmeyer,P,260.0
Garrett Stallings,P,260.0
Tahnaj Thomas,P,260.0
James Bourque,P,260.0
Bo Takahashi,1B,260.0
Emilio Vargas,1B,260.0
Jarred Kelenic,1B/3B,260.0
Travis Bergen,P,260.0
Austin Nola,2B,260.0
Cristofer Ogando,P,260.0
Wilson Garcia,DH,260.0
Lucas Ritter,3B,260.0
Kaleb Ort,P,260.0
Enmanuel Bonilla,OF,260.0
Xavier Isaac,3B,260.0
B.J. Murray Jr.,OF,260.0
Cam Collier,OF,260.0
Zac Kristofak,P,260.0
Angel Rondon,P,260.0
Aaron Antonini,2B,260.0
Carlos Soto,2B,260.0
Cooper Johnson,2B,260.0
Peyton Battenfield,1B,260.0
Brady Basso,1B,260.0
Josh Fleming,P,260.0
Nick Mears,P,260.0
Daniel Castano,P,260.0
Bryan Bryan Brickhouse,1B,260.0
Carson LaRue,P,260.0
Adrian Florencio,1B,260.0
Andrick Nava,2B,260.0
Payton Tolle,1B,260.0
Nolan Kingham,P,260.0
Jason Foley,P,260.0
Brandon Barriera,1B,260.0
Wandisson Charles,P,260.0
Justin Crawford,OF,260.0
Dylan Lesko,1B,260.0
Penn Murfee,1B,260.0
Elijah Green,OF,260.0
Mark Contreras,OF,260.0
Jett Williams,2B/SS,260.0
Gavin Stone,1B,260.0
Mickey McDonald,OF,260.0
Evan Lee,P,260.0
Joey Meneses,3B,260.0
Andrew Walters,P,260.0
Mikey Romero,2B/SS,260.0
Anthony Banda,P,260.0
Justin Bruihl,P,260.0
Malcolm Moore,2B,260.0
Darien Nunez,P,260.0
Nicholas Quintana,OF,260.0
Joe Jacques,P,260.0
Ethan Wilson,1B/3B,260.0
Jake Mangum,OF,260.0
Grae Kessinger,OF,260.0
Jonathan Aro,P,260.0
Juan Gamez,P,260.0
Andre Lipcius,3B,260.0
Noah Schultz,1B,260.0
Seth Martinez,P,260.0
Robby Snelling,1B,260.0
Owen Murphy,1B,260.0
Will Ethridge,P,260.0
Sal Stewart,SS,260.0
DaShawn Keirsey Jr.,OF,260.0
Marty Costes,1B/3B,260.0
Caleb Kilian,P,260.0
Jose Marte,P,260.0
Ryan Kreidler,2B/SS,260.0
Blair Henley,1B,260.0
Michael Stefanic,SS,260.0
Tyler Owens,P,260.0
Matt Cronin,P,260.0
Felix Paulino,P,260.0
Adam Seminaris,P,260.0
Carter Bins,2B,260.0
Alexander Vargas,2B/SS,260.0
Matt Swarmer,P,260.0
Thomas Dillard,3B,260.0
Victor Acosta,SS,260.0
Davis Daniel,1B,260.0
Cody Poteet,1B,260.0
Angel De Jesus,P,260.0
CJ Rodriguez,2B,260.0
Maverick Handley,2B,260.0
Christopher Bec,2B,260.0
Hobie Harris,P,260.0
Richard Guasch,P,260.0
Jackson Ferris,1B,260.0
Seth Gray,OF,260.0
Joey Krehbiel,P,260.0
Nate Eaton,OF,260.0
Terrin Vavra,SS,260.0
Jason Bahr,P,260.0
Zach Pop,P,260.0
Jacob Condra-Bogan,P,260.0
Ali Jesus Castillo,SS,260.0
Kyle Dowdy,P,260.0
Tommy Eveld,P,260.0
Jhon Romero,P,260.0
Brett Cumberland,2B,260.0
Bruce Zimmermann,1B,260.0
Devin Smeltzer,P,260.0
Alexander Ovalles,1B/3B,260.0
Dennis Francis Brady,1B,260.0
Patrick Frick,SS,260.0
Chester Pimentel,P,260.0
Logan Brown,2B,260.0
Engelb Vielma,2B/SS,260.0
Raudy Read,3B,260.0
Tyler Dyson,P,260.0
Cameron Barstad,2B,260.0
Nasim Nunez,2B/SS,260.0
Andrew Wantz,1B,260.0
Andres Alejandro Sotillet,P,260.0
Randy Moises Florentino,2B,260.0
Bryan Ramos,OF,260.0
Lency Delgado,SS,260.0
Enmanuel Mejia,P,260.0
Johan Rojas,OF,260.0
Colton Shaver,3B,260.0
Pedro Martinez,2B/SS,260.0
Xzavion Curry,P,260.0
Cody Freeman,OF,260.0
Andres Chaparro,3B,260.0
Connor Kaiser,2B/SS,260.0
Jack Herman,1B/3B,260.0
Yolbert Sanchez,SS,260.0
Austin Warren,P,260.0
Devin Sweet,P,260.0
Thomas Harrington,1B,260.0
Jhony Brito,P,260.0
Javy Guerra,P,260.0
John Rhodes,1B/3B,260.0
Anthony Mulrine,2B,260.0
Nate Fisher,1B,260.0
Austin Shenton,3B,260.0
Connor Overton,P,260.0
Jackson Cluff,2B/SS,260.0
Nick Sogard,SS,260.0
Matt Fraizer,1B/3B,260.0
Tristin Hall English,3B,260.0
Rhett Kouba,1B,260.0
Dominic Fletcher,OF,260.0
Ray Gaither,P,260.0
Buddy Kennedy,SS,260.0
David Hamilton,2B/SS,260.0
Ben Heller,P,260.0
Joshua Fuentes,3B,260.0
Yoendrys Gomez,1B,260.0
Clay Dungan,SS,260.0
Kyle McCann,2B,260.0
Kirk McCarty,P,260.0
Cam Michael Devanney,2B/SS,260.0
Josh Maciejewski,P,260.0
Norwith Gudino,P,260.0
Jordy Barley,SS,260.0
Korry Howell,OF,260.0
Casey Meisner,1B,260.0
Kyle Barraclough,P,260.0
Darell Hernaiz,OF,260.0
Scott McGough,P,260.0
Will Robertson,OF,260.0
Keegan Curtis,P,260.0
Luis Cessa,1B,260.0
Ha-Seong Kim,2B/SS,260.0
Matt Gorski,OF,260.0
Daniel Johnson,OF,260.0
Gerson Garabito,P,260.0
David Villar,3B,260.0
Michael Fulmer,P,260.0
Blake Hunt,2B,260.0
Juan Minaya,P,260.0
David Paulino,P,260.0
Dasan Brown,OF,260.0
Joe Musgrove,1B,260.0
Matt Koch,P,260.0
Jimmy Cordero,P,260.0
J.B. Wendelken,P,260.0
JT Chargois,P,260.0
Randy Rosario,P,260.0
Yonathan Perlaza,1B/3B,260.0
Fabian Pertuz,2B/SS,260.0
Matt Barnes,P,260.0
Craig Yoho,P,260.0
Sam Coonrod,P,260.0
Felix Pena,1B,260.0
Jonatan Machado,1B/3B,260.0
PJ Morlando,OF,260.0
Resly Linares,1B,260.0
Adam Haseley,OF,260.0
Keegan Thompson,P,260.0
Quinn Brodey,P,260.0
Bubby Rossman,P,260.0
Elvis Luciano,1B,260.0
Luinder Avila,1B,260.0
Daniel Duarte,P,260.0
Matt Gage,P,260.0
Gavin Kilen,2B/SS,260.0
Patrick Forbes,1B,260.0
Enrique Burgos,P,260.0
Wander Suero,P,260.0
DJ Stewart,OF,260.0
Troy Melton,1B,260.0
Oscar De La Cruz,1B,260.0
Eddy Martinez,OF,260.0
Michael Matuella,P,260.0
Dillon Tate,P,260.0
Alec Mills,1B,260.0
Jake Faria,P,260.0
Gage Jump,1B,260.0
German Marquez,1B,260.0
Yohander Mendez,P,260.0
Willians Astudillo,OF,260.0
Kenta Maeda,1B,260.0
Austin Gomber,1B,260.0
Carson Fulmer,P,260.0
Brady Aiken,1B,260.0
Triston McKenzie,1B,260.0
Jaime Barria,P,260.0
Jahmai Jones,OF,260.0
James Beard,OF,260.0
Grayson Long,1B,260.0
Octavio Becerra,P,260.0
Yadier Alvarez,P,260.0
Manuel Beltre,SS,260.0
Yusniel Diaz,OF,260.0
Nick Bitsko,P,260.0
Jonathan Arauz,SS,260.0
Daz Cameron,1B/3B,260.0
Francis Martes,P,260.0
James Kaprielian,1B,260.0
Matt Carasiti,P,260.0
Dante Nori,OF,260.0
Wadye Ynfante,OF,260.0
Yimi Garcia,P,260.0
Corey Zangari,3B,260.0
Alex Young,P,260.0
Drew Avans,OF,260.0
Adonis Medina,P,260.0
Bradley Blalock,1B,260.0
Kolby Allard,1B,260.0
Michael Soroka,P,260.0
Luis Basabe,OF,260.0
Andrew Benintendi,1B/3B,260.0
Anderson Espinoza,1B,260.0
Phil Bickford,P,260.0
Lucius Fox,2B/SS,260.0
Zack Erwin,P,260.0
Wuilmer Becerra,OF,260.0
Luis Carpio,SS,260.0
Desmond Lindsay,DH,260.0
Tucker Davidson,1B,260.0
Caleb Bonemer,2B/SS,260.0
Hector Perez,P,260.0
Lachlan Wells,1B,260.0
Levi Sterling,1B,260.0
Spencer Howard,P,260.0
Freddy Tarnok,P,260.0
Gilberto Celestino,OF,260.0
Hagen Danner,P,260.0
Braylon Payne,OF,260.0
Drew Waters,OF,260.0
Sherten Apostel,3B,260.0
Arquimedes Gamboa,2B/SS,260.0
Wilkerman Garcia,OF,260.0
Marcos Cabrera,OF,260.0
Ronald Herrera,1B,260.0
Neraldo Catalina,P,260.0
Kevin Padlo,3B,260.0
Allan Cerda,OF,260.0
Junior Fernandez,P,260.0
Christian Montes De Oca,P,260.0
Miguel Bleis,OF,260.0
Brainer Bonaci,2B/SS,260.0
River Ryan,1B,260.0
Tyler Jay,P,260.0
Raymond Burgos,P,260.0
Isan Diaz,SS,260.0
Nathan Kirby,P,260.0
Jackson Wolf,1B,260.0
Logan Allen,P,260.0
Ruddy Giron,OF,260.0
Austin Smith,P,260.0
Andrew Suarez,P,260.0
Yoelqui Cespedes,OF,260.0
Micah Pries,3B,260.0
Carson Benge,OF,260.0
Marten Gasparini,SS,260.0
Ashe Russell,P,260.0
Nolan Watson,1B,260.0
Anderson Franco,OF,260.0
Victor Robles,OF,260.0
Andrew Stevenson,OF,260.0
Paul Sewald,P,260.0
Domingo Acevedo,P,260.0
Bryce Bush,DH,260.0
Austin Voth,P,260.0
Beau Burrows,P,260.0
Mason Fluharty,P,260.0
Guillermo Heredia,1B/3B,260.0
Jose Azocar,1B/3B,260.0
Luis Contreras,P,260.0
Stone Garrett,1B/3B,260.0
Sammy Peralta,P,260.0
Jordan Holloway,P,260.0
Kyle Backhus,P,260.0
Zeke White,OF,260.0
Nick Mikolajchak,P,260.0
Bryan Hudson,P,260.0
Brendan Rodgers,SS,260.0
Chad Kuhl,P,260.0
Kevin Newman,2B/SS,260.0
Joey Estes,1B,260.0
Joseph Record,P,260.0
Jalvin Arias,OF,260.0
Humberto Cruz,1B,260.0
Naibel Mariano,2B/SS,260.0
Adolfo Sanchez,OF,260.0
Luis Vizcaino,P,260.0
Kenedy Corona,OF,260.0
Zachary Greene,P,260.0
Griff O'Ferrall,2B/SS,260.0
Jorge Quintana,2B/SS,260.0
Daiber De Los Santos,2B/SS,260.0
Dawel Joseph,2B/SS,260.0
Travis Bazzana,SS,260.0
Paulino Santana,OF,260.0
Leo De Vries,2B/SS,260.0
JD Dix,2B/SS,260.0
Cal Mitchell,OF,260.0
Kemp Alderman,OF,260.0
Victor Hurtado,1B/3B,260.0
Jose Perdomo,2B/SS,260.0
Yovanny Rodriguez,2B,260.0
Ryan Costeiu,1B,260.0
Robert Arias,OF,260.0
Emil Morales,2B/SS,260.0
Adriel Radney,OF,260.0
Nick Robertson,P,260.0
Jose Ramos,OF,260.0
Ambioris Tavarez,2B/SS,260.0
CJ Alexander,OF,260.0
Edward Lantigua,OF,260.0
Jhonny Level,2B/SS,260.0
Angel Feliz,2B/SS,260.0
Belfi Rivera,OF,260.0
Leonardo Pineda,OF,260.0
Luis De Los Santos,OF,260.0
Reiss Knehr,P,260.0
Brendan Cellucci,P,260.0
Francisco Morales,P,260.0
Odubel Herrera,OF,260.0
Josue Briceno,2B,260.0
Genesis Cabrera,P,260.0
Tomas Alastre,P,260.0
Justyn-Henry Malloy,1B/3B,260.0
Dermis Garcia,3B,260.0
Aaron Whitefield,1B/3B,260.0
Jairo Solis,1B,260.0
Jose Sanchez,OF,260.0
David Fletcher,SS,260.0
Jason Vosler,3B,260.0
Luis Liberato,OF,260.0
Landon Knack,1B,260.0
Liam Doyle,1B,260.0
Nestor Miranda,OF,260.0
Jaxon Wiggins,1B,260.0
Yolfran Castillo,2B/SS,260.0
Leandro Romero,SS,260.0
AJ Smith-Shawver,1B,260.0
Cesar Hernandez,OF,260.0
Richard Matic,OF,260.0
Alvin Guzman,P,260.0
Curley Martha,2B/SS,260.0
Jacob Steinmetz,1B,260.0
A.J. Vukovich,1B/3B,260.0
Braden Montgomery,OF,260.0
Luke Voit,3B,260.0
Cam Devanney,2B/SS,260.0
Jimmy Herron,OF,260.0
Austin Hansen,P,260.0
Dan Altavilla,P,260.0
Jamie Westbrook,SS,260.0
Darius Vines,1B,260.0
Ashly Andujar,2B/SS,260.0
Yandel Ricardo,2B/SS,260.0
Alan Rangel,1B,260.0
Eduardo Herrera,OF,260.0
Cayden Wallace,OF,260.0
Luis Guillorme,SS,260.0
Cody Morissette,SS,260.0
Justin Hagenman,P,260.0
David Bote,OF,260.0
Andrew Velazquez,SS,260.0
Ryan Johnson,1B,260.0
Drew Romo,2B,260.0
Austin Slater,OF,260.0
Jairo Beras,P,260.0
Patrick Monteverde,1B,260.0
Scott Kingery,2B/SS,260.0
Taylor Clarke,1B,260.0
Oscar Mercado,OF,260.0
Caden Bodine,2B,260.0
Victor Reyes,OF,260.0
Eric Yardley,P,260.0
Paul DeJong,2B/SS,260.0
Abiatal Avelino,OF,260.0
Endy Rodriguez,2B,260.0
Clinton Hollon,1B,260.0
Isaac Bellony,1B/3B,260.0
Ariel Jurado,1B,260.0
Drew Finley,P,260.0
Maikol Hernandez,OF,260.0
Jake Woodford,1B,260.0
Wei-Chieh Huang,1B,260.0
Franklin Rojas,2B,260.0
Drew Rom,1B,260.0
Bralyn Brazoban,OF,260.0
Juan Meza,1B,260.0
Eduardo Beltre,OF,260.0
Jace Jung,OF,260.0
Willie Calhoun,DH,260.0
Jayvien Sandridge,P,260.0
Richard Rodriguez,P,260.0
Eduardo Diaz,1B/3B,260.0
Luis Reyes,P,260.0
Kyle Muller,P,260.0
Matt Sauer,P,260.0
Daniel Vogelbach,DH,260.0
Jol Concepcion,P,260.0
Nelson Velazquez,DH,260.0
Austin Barnes,2B,260.0
Elieser Medrano,P,260.0
Andy Yerzy,2B,260.0
Kevin Pillar,OF,260.0
Daniel Montano,1B/3B,260.0
Patrick Wisdom,3B,260.0
Erling Moreno,1B,260.0
Gray Fenter,1B,260.0
Leonel Sanchez,SS,260.0
Jesus Made,2B/SS,260.0
Branneli Franco,1B,260.0
Nick Ramirez,P,260.0
Oscar Pujols,1B,260.0
Osvaldo Manuel Abreu,SS,260.0
Cody Reed,P,260.0
Adbiel Feliz,2B/SS,260.0
James Tibbs III,OF,260.0
Christopher Torres,2B/SS,260.0
Omar Estevez,1B/3B,260.0
Jio Orozco,1B,260.0
Roy Morales,3B,260.0
Wikelman Gonzalez,1B,260.0
Andres Arias,OF,260.0
DJ Herz,1B,260.0
Stiven Martinez,OF,260.0
Joswa Lugo,2B/SS,260.0
Junior Rafael Santos,P,260.0
Joander David Suarez,1B,260.0
Dax Fulton,1B,260.0
Victor Mesa Jr.,OF,260.0
Edgar Montero,2B/SS,260.0
Yohendrick Pinango,1B/3B,260.0
Kohl Franklin,1B,260.0
Angel Guzman,2B/SS,260.0
James Triantos,SS,260.0
Francisco Vilorio,OF,260.0
Cristian Hernandez,2B/SS,260.0
Luis Cova,OF,260.0
Kevin Made,2B/SS,260.0
Vladimir Asencio,OF,260.0
Ed Howard,2B/SS,260.0
Michel Otanez,P,260.0
Josh Walker,P,260.0
Graham Pauley,OF,260.0
Diowill Manuel Burgos,3B,260.0
Luis David Medina,OF,260.0
Felix Valerio,1B/3B,260.0
Victor Castaneda,P,260.0
Yiddi Cappe,OF,260.0
Yohendry Sanchez,2B,260.0
Pablo Aliendo,2B,260.0
Pedro Payano,P,260.0
Daniel Vellojin,2B,260.0
Ethan Hearn,2B,260.0
Yeison Santana,SS,260.0
Ariel Almonte,OF,260.0
Emilio Sanchez,2B/SS,260.0
Junior Tilien,SS,260.0
Joan Martinez,P,260.0
Duane Underwood Jr.,P,260.0
Derian Cruz,OF,260.0
Landon Leach,1B,260.0
Juan Querecuto,P,260.0
Corbin Martin,P,260.0
George Valera,OF,260.0
Blas Castano,1B,260.0
Hanser Alberto,OF,260.0
Hans Crouse,P,260.0
Austin Franklin,1B,260.0
Starling Heredia,1B/3B,260.0
Cristhian Rodriguez,OF,260.0
George Soriano,P,260.0
Henry Williams,1B,260.0
Tanner McDougal,1B,260.0
Wes Kath,OF,260.0
Jared Kelley,P,260.0
Lucas Gilbreath,P,260.0
Jose Salas,SS,260.0
Dalvy Rosario,OF,260.0
Jordan Eugene McCants,SS,260.0
Ian Lewis,SS,260.0
Logan Henderson,1B,260.0
Randall Wynne,1B,260.0
Jheremy Vargas,1B/3B,260.0
Jeferson Quero,2B,260.0
Hendry Mendez,1B/3B,260.0
Calvin William Ziegler,1B,260.0
Jordany Ventura,P,260.0
Samuel Infante,OF,260.0
Jose Cuas,P,260.0
Yanquiel Fernandez,OF,260.0
Michael Trautwein,2B,260.0
Bladimir Restituyo,OF,260.0
Juan Carlos Negret,OF,260.0
Ben Kudrna,1B,260.0
Carter Jensen,2B,260.0
Shane Panzini,P,260.0
Wilmer Andres Reyes,2B/SS,260.0
Alexander Manuel Perez,SS,260.0
Jose Antonio Caballero,2B/SS,260.0
Jesus David Parra,3B,260.0
Kala'i Rosario,OF,260.0
Izaac Pacheco,OF,260.0
Beau Brieske,P,260.0
Malvin Valdez,OF,260.0
Abel Bastidas,OF,260.0
Daniel Vazquez,2B/SS,260.0
Richi Gonzalez,DH,260.0
Juan Santander,3B,260.0
Tyler Whitaker,OF,260.0
Werner Blakely,OF,260.0
Jose Bonilla,3B,260.0
Kristin Munroe,OF,260.0
Peter Heubeck,1B,260.0
Yoelvin Silven,P,260.0
Tristin English,OF,260.0
Roberto Campos,OF,260.0
Cameron Robinson,P,260.0
Joe Rock,1B,260.0
Adael Amador,SS,260.0
Kyle Garlick,1B/3B,260.0
Jack Kochanowicz,1B,260.0
Kyle Bradish,1B,260.0
Mason Albright,1B,260.0
John Patterson,P,260.0
Jacob Hurtubise,1B/3B,260.0
Sam Aldegheri,1B,260.0
Anthony Garcia,OF,260.0
Ricky Tiedemann,1B,260.0
Nathan Wiles,P,260.0
Pablo Reyes,OF,260.0
Connor Joe,3B,260.0
Alexander Ramirez,OF,260.0
Ky Bush,1B,260.0
Robinson Pina,1B,260.0
Jaime Melendez,P,260.0
Cristian Gonzalez,2B/SS,260.0
Ryan Spikes,1B/3B,260.0
Marcus Stroman,1B,260.0
Bryan Mata,1B,260.0
Jonathan Cannon,1B,260.0
Joey Gallo,3B,260.0
Jordan Humphreys,1B,260.0
Nomar Mazara,OF,260.0
Logan VanWey,P,260.0
Adalberto Mondesi,2B/SS,260.0
Sam McMillan,2B,260.0
Pearson McMahan,P,260.0
Caleb Ferguson,P,260.0
DL Hall,1B,260.0
Denzer Guzman,2B/SS,260.0
Alejandro Hidalgo,P,260.0
Adrian Placencia,2B/SS,260.0
Jared Walsh,3B,260.0
Seth Brown,1B/3B,260.0
Darren Baker,SS,260.0
Cam Eden,OF,260.0
Eric Santana,1B/3B,260.0
Fidel Montero,OF,260.0
Brock Selvidge,1B,260.0
Irv Carter,P,260.0
Ryan Jensen,P,260.0
Zyhir Hope,1B/3B,260.0
Dustin Harris,OF,260.0
Jordi Martinez,P,260.0
Cameron Cauley,2B/SS,260.0
Justin Garza,P,260.0
Cooper Bowman,SS,260.0
Pedro Pineda,OF,260.0
Denzel Clarke,OF,260.0
Dylan Beavers,OF,260.0
Ryan Ritter,2B/SS,260.0
Hector Rodriguez,OF,260.0
Luis Ortiz,P,260.0
Rodolfo Nolasco,OF,260.0
Euribiel Angeles,2B/SS,260.0
Efrain Contreras,1B,260.0
Robert Seymour,3B,260.0
Rickardo Perez,3B,260.0
Yhoswar Garcia,1B/3B,260.0
Marc Church,P,260.0
Taylor Rashi,P,260.0
Philip Abner,P,260.0
Alejandro Carrillo,P,260.0
Sergio Campana,OF,260.0
Jose Urquidy,1B,260.0
Garrett Stubbs,2B,260.0
Samuel Zavala,OF,260.0
Victor Lizarraga,1B,260.0
Brayan Medina,1B,260.0
Gerardo Reyes,P,260.0
Robert Gasser,1B,260.0
Ryan Cusick,P,260.0
Daniel Montesino,1B/3B,260.0
Tim Mayza,P,260.0
Santiago Chavez,2B,260.0
Korey Lee,2B,260.0
Grant Holman,P,260.0
Christian McGowan,1B,260.0
Jordan Viars,OF,260.0
Adam Cimber,P,260.0
Will Simoneit,2B,260.0
Mark Mathias,SS,260.0
Bob Seymour,3B,260.0
Jared Shuster,P,260.0
Michael Morales,1B,260.0
Cade Marlowe,OF,260.0
Alberto Rodriguez,OF,260.0
Matt Dermody,1B,260.0
Levi Stoudt,P,260.0
Milkar Perez,3B,260.0
Connor Phillips,1B,260.0
Brandon Valenzuela,2B,260.0
Shalin Polanco,OF,260.0
Anthony Solometo,1B,260.0
Osvaldo Gavilan,1B/3B,260.0
Charlie Condon,1B/3B,260.0
Mason Auer,OF,260.0
Gabriel Maciel,1B/3B,260.0
Garrett Cave,P,260.0
Michael Rucker,P,260.0
Breiling Eusebio,1B,260.0
Lucas Sims,P,260.0
Michael Mercado,P,260.0
Jose Miranda,OF,260.0
Jeison Guzman,DH,260.0
Danny Diaz,3B,260.0
Trevor Stephan,P,260.0
Max Castillo,1B,260.0
Chase De Jong,P,260.0
Nick Raquet,P,260.0
Tim Locastro,OF,260.0
Aaron Wilkerson,P,260.0
Zach Jackson,P,260.0
Jose Almonte,P,260.0
Yuli Gurriel,3B,260.0
Kyle DeBarge,SS,260.0
Sam Hilliard,1B/3B,260.0
Carlos Martinez,2B,260.0
Alan Busenitz,P,260.0
Lou Trivino,P,260.0
Luarbert Arias,P,260.0
Sonny DiChiara,3B,260.0
Luis Peralta,P,260.0
Brennan Bernardino,P,260.0
Moises Chace,1B,260.0
Alex Binelas,3B,260.0
Jack Perkins,1B,260.0
Erik Swanson,P,260.0
Ronald Bolanos,1B,260.0
Rob Zastryzny,P,260.0
Wandy Peralta,P,260.0
Albert Abreu,P,260.0
Jorge Guzman,P,260.0
Keynan Middleton,P,260.0
Austin Adams,P,260.0
Eduardo Paredes,P,260.0
Josh Winckowski,P,260.0
Casey Lawrence,1B,260.0
Robby Martin,OF,260.0
David Morgan,P,260.0
Luis Perdomo,P,260.0
Matheu Nelson,2B,260.0
Matt Ball,1B,260.0
Yency Almonte,P,260.0
Chris Flexen,1B,260.0
Melvin Adon,P,260.0
Tyler Naquin,OF,260.0
Taylor Hearn,P,260.0
Ross Stripling,1B,260.0
Jose Suarez,P,260.0
Harol Gonzalez,1B,260.0
Jose Paulino,P,260.0
Morgan Cooper,P,260.0
Wennington Romero,1B,260.0
Livan Soto,SS,260.0
Seuly Matias,OF,260.0
Jose Albertos,P,260.0
Justin Dunn,1B,260.0
J.P. Feyereisen,P,260.0
Vladimir Gutierrez,P,260.0
Jimmy Herget,P,260.0
Michel Baez,P,260.0
Norge Ruiz,P,260.0
Jeff Brigham,P,260.0
Thyago Vieira,P,260.0
Dietrich Enns,P,260.0
Giovanny Gallegos,P,260.0
Yefry Ramirez,1B,260.0
Jose Ruiz,P,260.0
Jesus Liranzo,P,260.0
Samir Duenez,3B,260.0
Eliezer Alvarez,OF,260.0
Fernando Romero,1B,260.0
Austin Pruitt,P,260.0
Isaiah Greene,1B/3B,260.0
McKinley Moore,P,260.0
Brendan Beck,1B,260.0
Henry Ramos,OF,260.0
Matt Canterino,1B,260.0
Miguel Romero,P,260.0
Yermin Mercedes,1B/3B,260.0
Jacob Palisch,P,260.0
Tomas Nido,2B,260.0
Reyes Moronta,P,260.0
Kevin Joel Gadea,P,260.0
Allen Cordoba,3B,260.0
Hoby Milner,P,260.0
Tommy Romero,P,260.0
Cionel Perez,P,260.0
Chris Muller,P,260.0
Damiano Palmegiani,OF,260.0
Ryan Zeferjahn,P,260.0
Dennis Ortega,3B,260.0
Jack Neely,P,260.0
Ryan Sherriff,P,260.0
Andrew Knizner,2B,260.0
Josh Taylor,P,260.0
Josh Staumont,P,260.0
Matt Thaiss,2B,260.0
Josh Sborz,P,260.0
Rhylan Thomas,OF,260.0
Sam Thoresen,P,260.0
Thomas Burrows,P,260.0
Guillo Zuniga,P,260.0
Victor Arano,P,260.0
Oliver Ortega,P,260.0
Cole Brannen,OF,260.0
Roansy Contreras,P,260.0
Paul Blackburn,1B,260.0
Christian James,1B,260.0
Renato Nunez,3B,260.0
Braxton Garrett,1B,260.0
Stiward Aquino,P,260.0
Jose Corniell,1B,260.0
Tyrone Taylor,OF,260.0
Patrick Sandoval,1B,260.0
Alex Lange,P,260.0
Imani Abdullah,1B,260.0
Chris Stratton,P,260.0
Michael Kelly,P,260.0
Dinelson Lamet,1B,260.0
Helcris Olivarez,P,260.0
William Woods,P,260.0
Justice Bigbie,OF,260.0
Kevin Bruggeman,2B,260.0
Chad Patrick,1B,260.0
Nick Senzel,OF,260.0
Jay Groome,1B,260.0
Riley Pint,P,260.0
Blake Rutherford,1B/3B,260.0
Sixto Sanchez,1B,260.0
Franklin Perez,P,260.0
Kyle Lewis,DH,260.0
Ryan Borucki,P,260.0
Brant Hurter,P,260.0
Zack Burdi,P,260.0
Zack Collins,2B,260.0
Jack Mayfield,SS,260.0
Ken Waldichuk,1B,260.0
Edward Olivares,OF,260.0
Shea Spitzbarth,P,260.0
Greg Jones,OF,260.0
Hayden Senger,2B,260.0
Hirokazu Sawamura,P,260.0
Rafael Flores,2B,260.0
Jose Hernandez,P,260.0
Carlos Jorge,OF,260.0
Wilmer Flores,P,260.0
Gordon Graceffo,1B,260.0
Anthony Molina,P,260.0
Mason Thompson,P,260.0
Bailey Falter,1B,260.0
James Nelson,OF,260.0
Pablo Olivares,1B/3B,260.0
Lance McCullers Jr.,1B,260.0
Greifer Andrade,1B/3B,260.0
Wil Crowe,P,260.0
Eric Pardinho,P,260.0
Ryan Vilade,1B/3B,260.0
Mike Clevinger,1B,260.0
Alex Scherff,P,260.0
Mitch Haniger,OF,260.0
Yeiler Peguero,OF,260.0
Brusdar Graterol,P,260.0
Jorge Benitez,P,260.0
Troy Taylor,P,260.0
Kaelen Culpepper,2B/SS,260.0
Gabriel Rincones Jr.,OF,260.0
Nate George,OF,260.0
Tre' Morgan,3B,260.0
Jose Cruz,P,260.0
RJ Schreck,1B/3B,260.0
Nelson Rada,OF,260.0
Caden Dana,1B,260.0
Daiveyon Whittle,1B,260.0
Jonny Brooks Homza,DH,260.0
Trevor Kelley,P,260.0
Ray-Patrick Elijah Didder,2B/SS,260.0
Nick Martini,DH,260.0
Ryan Gusto,1B,260.0
Rolddy Munoz,P,260.0
Braxton Fulford,2B,260.0
Jeff Lindgren,P,260.0
Mac Wainwright,OF,260.0
Cody Sedlock,P,260.0
Jimmy Yacabonis,P,260.0
Drue Hackenberg,1B,260.0
Hoy Park,OF,260.0
Estevan Florial,1B/3B,260.0
Daniel McGrath,1B,260.0
Jacob Wallace,P,260.0
Edwin Rios,3B,260.0
Edouard Julien,SS,260.0
Jake Vogel,OF,260.0
Mickey Gasper,SS,260.0
Seaver King,2B/SS,260.0
Orlando Ribalta,P,260.0
Tyler Bremner,1B,260.0
Kendry Chourio,1B,260.0
Lazaro Montes,OF,260.0
Yasser Mercedes,OF,260.0
Conner Uselton,OF,260.0
Alvaro Seijas,1B,260.0
Travis Jankowski,OF,260.0
Jerryell Rivera,P,260.0
Matt Tabor,P,260.0
Alex Speas,P,260.0
Anthony Kay,P,260.0
MJ Melendez,1B/3B,260.0
Luis Medina,1B,260.0
Jose Rondon,OF,260.0
Jose Barrero,2B/SS,260.0
Jordan Leasure,P,260.0
James Naile,P,260.0
Juan Chacon,1B/3B,260.0
Aneurys Zabala,P,260.0
Oliver Dunn,OF,260.0
Joey Votto,3B,260.0
Kevin Kelly,P,260.0
Chase Hampton,1B,260.0
Jalen Beeks,P,260.0
Jorge Ona,1B/3B,260.0
Eguy Rosario,OF,260.0
Jack Suwinski,OF,260.0
Jorbit Vivas,SS,260.0
Evan Justice,P,260.0
Leonardo Bernal,2B,260.0
Nick Swiney,P,260.0
Anthony Gutierrez,OF,260.0
Steven Zobac,1B,260.0
Skylar Hales,P,260.0
Paul Gervase,P,260.0
Brock Vradenburg,3B,260.0
Hao-Yu Lee,SS,260.0
Michael Arroyo,SS,260.0
Eric Rodriguez,2B,260.0
Roberto Chirinos,OF,260.0
Emiliano Teodo,1B,260.0
Evan Longoria,OF,260.0
Victor Vodnik,P,260.0
Carlos Colmenarez,SS,260.0
Ethan Salas,2B,260.0
Andre Granillo,P,260.0
Winston Santos,1B,260.0
James Glowenke,SS,260.0
Zack Short,OF,260.0
Roderick Arias,2B/SS,260.0
Burl Carraway,P,260.0
Brock Jones,OF,260.0
Tommy Troy,2B/SS,260.0
Blake Burke,3B,260.0
Quinn Mathews,1B,260.0
Eduardo Vaughan,OF,260.0
Will Klein,P,260.0
Brandon Hughes,P,260.0
Rogelio Armenteros,1B,260.0
Shohei Tomioka,P,260.0
Allan Winans,1B,260.0
James McArthur,P,260.0
Chad Smith,P,260.0
Clayton Beeter,P,260.0
Eric Brown,2B/SS,260.0
Kelvin Gutierrez,OF,260.0
Thayron Liranzo,2B,260.0
Kevin Kopps,P,260.0
Isaiah Campbell,P,260.0
Matt Beaty,3B,260.0
Abiezel Ramirez,SS,260.0
Norge Vera,1B,260.0
Luis Rijo,1B,260.0
Marco Raya,1B,260.0
Jace Vines,P,260.0
Dayro Perez,SS,260.0
Luis Perales,1B,260.0
Joel Peguero,P,260.0
Cristhian Vaquero,OF,260.0
Naswell Paulino,P,260.0
Jayden Murray,1B,260.0
Victor Munoz,P,260.0
Rikelbin De Castro,SS,260.0
Aldo Ramirez,P,260.0
Jhonny Piron,1B/3B,260.0
Alejandro Pie,OF,260.0
Wilman Diaz,2B/SS,260.0
Yoljeldriz Diaz,P,260.0
Luis Mieses,3B,260.0
Javier D'Orazio,2B,260.0
Cody Morris,P,260.0
Juan Morillo,P,260.0
Jovani Moran,P,260.0
Jhon Diaz,OF,260.0
Carson Spiers,P,260.0
Aiva Arquette,2B/SS,260.0
Alan Mejia,OF,260.0
Luis Matos,OF,260.0
Freicer Perez,P,260.0
Aramis Ademan,SS,260.0
Jackson Stephens,P,260.0
Wander Javier,2B/SS,260.0
Ryan Weiss,P,260.0
Wander Franco,2B/SS,260.0
Jhailyn Ortiz,3B,260.0
Jake Thompson,P,260.0
Carlos Lagrange,1B,260.0
Leonardo Rodriguez,P,260.0
Jake Lamb,3B,260.0
Bryan King,P,260.0
Tucupita Marcano,2B/SS,260.0
Ryan Loutos,P,260.0
Yordys Valdes,2B/SS,260.0
Dane Acker,1B,260.0
Grant Wolfram,P,260.0
Audry Lugo,P,260.0
Jonah Bride,3B,260.0
Eduardo Lopez,3B,260.0
Johan Lopez,2B/SS,260.0
Chih-Jung Liu,1B,260.0
Brandon Lewis,3B,260.0
Denny Larrondo,1B,260.0
Troy Johnston,3B,260.0
Blaze Jordan,OF,260.0
Ivan Johnson,1B/3B,260.0
Luis Mey,P,260.0
Casey Legumina,P,260.0
Nico Rodriguez,1B,260.0
Jorge Rodriguez,P,260.0
Osvaldo Bido,1B,260.0
Johnny Cueto,1B,260.0
Blaine Crim,3B,260.0
Logan Driscoll,2B,260.0
Jose Martinez,P,260.0
Naysbel Marcano,2B,260.0
Charles Mack,2B,260.0
Estiven Machado,2B/SS,260.0
Grant Taylor,P,260.0
Michel Triana,3B,260.0
Milan Tolentino,2B/SS,260.0
Yan Contreras,3B,260.0
Nicholas Raposo,2B,260.0
Randy Vasquez,1B,260.0
Osvanni Gutierrez,P,260.0
Bryan Gonzalez,3B,260.0
Antonio Gomez,2B,260.0
Carlos Duran,1B,260.0
Angel Felipe,P,260.0
Albert Feliz,3B,260.0
Madison Santos,OF,260.0
Debby Santana,OF,260.0
Junior Sanquintin,3B,260.0
Eduardo Salazar,P,260.0
Aneudy Cortorreal,P,260.0
Trei Cruz,2B/SS,260.0
Danny De Andrade,2B/SS,260.0
Sem Robberse,1B,260.0
Jerming Rosario,1B,260.0
Luis Rodriguez,1B/3B,260.0
Arjun Nimmala,2B/SS,260.0
Walker Jenkins,OF,260.0
Max Clark,OF,260.0
Angel Genao,2B/SS,260.0
Carlos Garcia,P,260.0
Yacksel Rios,P,260.0
Blake Mitchell,2B,260.0
Donovan Walton,SS,260.0
Carlos Carrasco,1B,260.0
Roilan Machandy,1B/3B,260.0
Brendan Summerhill,OF,260.0
Kelvin Caceres,P,260.0
Thomas White,1B,260.0
Dillon Head,OF,260.0
Bryce Eldridge,3B,260.0
Easton Lucas,P,260.0
Edward Florentino,OF,260.0
Kade McClure,P,260.0
Jonny Farmelo,OF,260.0
Travis Sykora,1B,260.0
Jose Lopez,P,260.0
Adrian Santana,2B/SS,260.0
Steward Berroa,OF,260.0
Ralphy Velazquez,3B,260.0
Kevin McGonigle,2B/SS,260.0
Roither Hernandez,P,260.0
Jesus Galiz,2B,260.0
Aroon Escobar,SS,260.0
Austin Hendrick,OF,260.0
Petey Halpin,OF,260.0
Noble Meyer,1B,260.0
Aidan Miller,2B/SS,260.0
Zachary McCambley,P,260.0
Nolan Jones,1B/3B,260.0
Aidan Smith,OF,260.0
Brandon Winokur,2B/SS,260.0
Walker Janek,2B,260.0
Stephen Kolek,P,260.0
Myles Naylor,2B/SS,260.0
Evan Sisk,P,260.0
Kendall George,OF,260.0
Tai Peete,2B/SS,260.0
Evan McKendry,P,260.0
Jackson Rees,P,260.0
Mitch Voit,SS,260.0
Cole Waites,P,260.0
CJ Stubbs,2B,260.0
Stevie Emanuels,P,260.0
Josh Knoth,1B,260.0
Cooper Pratt,2B/SS,260.0
Drew Sommers,P,260.0
Cole Carrigg,OF,260.0
Juan Alonso,OF,260.0
Javier Vaz,SS,260.0
Mason Black,1B,260.0
Graham Ashcraft,1B,260.0
Gleider Figuereo,OF,260.0
Will Dion,1B,260.0
Luis Tejeda,OF,260.0
Cam Booser,P,260.0
Michael Gomez,P,260.0
Charlee Soto,1B,260.0
Colt Emerson,2B/SS,260.0
Kungkuan Giljegiljaw,2B,260.0
Edwin Arroyo,2B/SS,260.0
Trent Palmer,P,260.0
Kash Mayfield,1B,260.0
J.P. Martinez,OF,260.0
Kellon Lindsey,2B/SS,260.0
Taylor Motter,SS,260.0
Dereck Rodriguez,P,260.0
Gio Urshela,OF,260.0
Forrest Whitley,P,260.0
Ian Anderson,1B,260.0
Jon Duplantier,P,260.0
J.B. Bukauskas,P,260.0
Matt Manning,1B,260.0
Nazzan Zanetello,2B/SS,260.0
Zach Logue,P,260.0
Justin Anderson,P,260.0
Christian Koss,2B/SS,260.0
Deolis Guerra,P,260.0
Max Anderson,SS,260.0
Jesse Chavez,P,260.0
Eduardo Quintero,OF,260.0
Manuel Mercedes,1B,260.0
Alcides Escobar,2B/SS,260.0
Aeverson Arteaga,2B/SS,260.0
Eric Silva,P,260.0
Ryan Murphy,1B,260.0
Gabriel Gonzalez,OF,260.0
Starlin Aguilar,OF,260.0
Grant McCray,OF,260.0
Luis Bolivar,1B/3B,260.0
Juan Pinto,1B,260.0
Nick Allgeyer,P,260.0
Diego Hernandez,OF,260.0
Adam Scott,P,260.0
Elvis Andrus,SS,260.0
Jacob Waguespack,P,260.0
Yonny Hernandez,SS,260.0
Jason Heyward,OF,260.0
Josh Donaldson,OF,260.0
Juan Yepez,3B,260.0
Amos Willingham,P,260.0
Ali Sanchez,2B,260.0
Jonah Tong,1B,260.0
Anthony Misiewicz,P,260.0
Jordan Luplow,OF,260.0
Edgar Garcia,P,260.0
Colin Houck,2B/SS,260.0
Chris Okey,2B,260.0
Alfredo Rodriguez,SS,260.0
Cal Conley,2B/SS,260.0
Matt Svanson,P,260.0
Seranthony Dominguez,P,260.0
LaMonte Wade Jr.,3B,260.0
Brian Navarreto,2B,260.0
Michael Massey,SS,260.0
Luke Stevenson,2B,260.0
Jake Alu,SS,260.0
Anderson Tejeda,2B/SS,260.0
Charles Leblanc,OF,260.0
Rene Pinto,2B,260.0
Cavan Biggio,SS,260.0
Packy Naughton,P,260.0
Wehiwa Aloy,2B/SS,260.0
Adam Ottavino,P,260.0
Bryan Baker,P,260.0
Cam Caminiti,1B,260.0
Roberto Osuna,P,260.0
Bryce Rainer,2B/SS,260.0
Carson Ragsdale,1B,260.0
Konnor Griffin,OF,260.0
Darick Hall,3B,260.0
David Dahl,1B/3B,260.0
Peyton Alford,P,260.0
Shane Greene,P,260.0
Braylon Doughty,2B,260.0
Miles Mastrobuoni,OF,260.0
Sean Nolin,1B,260.0
Danny Young,P,260.0
Taylor Trammell,1B/3B,260.0
Carson Seymour,1B,260.0
Tyler Cyr,P,260.0
Bryce Bonnin,P,260.0
Casey Martin,2B/SS,260.0
Ian Gibaut,P,260.0
Heston Kjerstad,1B/3B,260.0
Cole Sulser,P,260.0
Blair Calvo,P,260.0
Colin Selby,P,260.0
Brent Headrick,1B,260.0
Ricky Karcher,P,260.0
Noah Denoyer,P,260.0
Kade Anderson,1B,260.0
Roddery Munoz,1B,260.0
Keaton Winn,1B,260.0
Juan Brito,SS,260.0
Matt Mervis,DH,260.0
Blake Dunn,1B/3B,260.0
Graeme Stinson,P,260.0
Philip Clarke,2B,260.0
Jake Eder,1B,260.0
Jordan Wicks,1B,260.0
Collin Snider,P,260.0
Evan Reifert,P,260.0
Adonis Rosa,1B,260.0
Seby Zavala,2B,260.0
Zach Daniels,1B/3B,260.0
Fraser Ellard,P,260.0
Declan Cronin,P,260.0
Sam Antonacci,2B/SS,260.0
Jun-Seok Shim,1B,260.0
Phillips Valdez,1B,260.0
Hayden Harris,P,260.0
Nicky Lopez,SS,260.0
Lazaro Estrada,1B,260.0
Ryan Webb,1B,260.0
Chris Murphy,P,260.0
Shinnosuke Ogasawara,1B,260.0
Madison Bumgarner,1B,260.0
Charlie Culberson,3B,260.0
Tommy Mace,1B,260.0
John Curtiss,P,260.0
Russell Smith,P,260.0
Conner Capel,1B/3B,260.0
Jordan Cowan,OF,260.0
Matt Koperniak,1B/3B,260.0
Bryce Jarvis,P,260.0
Jordan Montgomery,1B,260.0
Paolo Espino,1B,260.0
Joe Boyle,1B,260.0
Nick Hernandez,P,260.0
Mike Moustakas,OF,260.0
Niko Kavadas,DH,260.0
Ryan Feltner,1B,260.0
Miguel Aguilar,P,260.0
Francisco Perez,P,260.0
Max Schuemann,2B/SS,260.0
Austin Martin,1B/3B,260.0
Tyler Brown,P,260.0
Rainiel Rodriguez,2B,260.0
Nick Anderson,P,260.0
Christian Chamberlain,P,260.0
William Tribucher,P,260.0
Chase Anderson,P,260.0
Anthony Servideo,2B/SS,260.0
Michael Brantley,1B/3B,260.0
Caleb Freeman,P,260.0
Tyler Keenan,OF,260.0
Ronny Simon,SS,260.0
Gabriel Moya,P,260.0
Daniel Cabrera,OF,260.0
Matt Bush,P,260.0
Charles Davalan,1B/3B,260.0
Yuki Matsui,P,260.0
Keider Montero,1B,260.0
Vinny Nittoli,P,260.0
Connelly Early,1B,260.0
Jonathan Davis,1B/3B,260.0
Shintaro Fujinami,P,260.0
Roismar Quintana,1B/3B,260.0
Jake Agnos,1B,260.0
Armando Cruz,2B/SS,260.0
Jordan Mikel,P,260.0
Ben Rortvedt,2B,260.0
Cody Stashak,P,260.0
T.J. McFarland,P,260.0
Theo Gillen,OF,260.0
Joe Ross,P,260.0
Sam Delaplane,P,260.0
Ian Seymour,1B,260.0
Gavin Cross,OF,260.0
Slade Caldwell,OF,260.0
Carson Taylor,3B,260.0
Matthew Batten,OF,260.0
Ryan Sloan,1B,260.0
Yeison Morrobel,OF,260.0
Sam Haggerty,1B/3B,260.0
Daniel Bard,P,260.0
Zach Agnos,P,260.0
Lonnie White Jr.,OF,260.0
Ian Bedell,1B,260.0
Isaac Coffey,1B,260.0
Franklin Arias,2B/SS,260.0
Taylor Kohlwey,OF,260.0
Kevin Herget,P,260.0
Matt Frisbee,1B,260.0
Josh Rogers,1B,260.0
Jeremy Rivas,2B/SS,260.0
Joshua Baez,OF,260.0
Jhoulys Chacin,P,260.0
Victor Mesia,2B,260.0
Hunter Barnhart,1B,260.0
Carson Tucker,SS,260.0
Freudis Nova,2B/SS,260.0
Mike Zunino,2B,260.0
Edwin Escobar,P,260.0
Joel Kuhnel,P,260.0
Adam Duvall,1B/3B,260.0
Hansel Robles,P,260.0
Leo Rivas,2B/SS,260.0
Simon Muzziotti,1B/3B,260.0
Geoff Hartlieb,P,260.0
Eduardo Rodriguez,1B,260.0
Edwin Nunez,1B,260.0
Gustavo Campero,OF,260.0
Luis Pino,OF,260.0
Alec Willis,P,260.0
Manny Pina,2B,260.0
Kevin Parada,2B,260.0
Tekoah Roby,1B,260.0
Eduardo Escobar,OF,260.0
Shay Whitcomb,OF,260.0
Anthony Rodriguez,OF,260.0
Zach DeLoach,OF,260.0
Asa Lacy,1B,260.0
Christian Roa,P,260.0
Yorvin Pantoja,P,260.0
Luke Little,P,260.0
Dustin Saenz,1B,260.0
P.J. Poulin,P,260.0
Beck Way,P,260.0
Enrique Bradfield Jr.,OF,260.0
Marwin Gonzalez,2B/SS,260.0
Adrian Sugastey,2B,260.0
Alexander Suarez,1B/3B,260.0
Rayner Santana,2B,260.0
Marcus Phillips,1B,260.0
Brett Conine,1B,260.0
Yohandy Morales,3B,260.0
Chase Davis,OF,260.0
Ben Hernandez,P,260.0
Coby Mayo,OF,260.0
David Calabrese,1B/3B,260.0
Alberto Baldonado,P,260.0
Nick Garcia,P,260.0
Jackson Miller,DH,260.0
Nick Yorke,SS,260.0
Jacob Bosiokovic,P,260.0
Kyson Witherspoon,1B,260.0
Fernando Abad,P,260.0
Max Stassi,2B,260.0
JC Ramirez,P,260.0
Noah Davis,P,260.0
Gavin Hollowell,P,260.0
Steven Cruz,P,260.0
Eduardo Tait,2B,260.0
Grant Hartwig,P,260.0
Jose Espada,P,260.0
Martin Maldonado,2B,260.0
Colton Gordon,1B,260.0
John McMillon,P,260.0
Jacob Reimer,OF,260.0
Zack Greinke,1B,260.0
Michael Beltre,OF,260.0
Duke Ellis,OF,260.0
Anthony Veneziano,P,260.0
Javier Assad,1B,260.0
Brandon Crawford,2B/SS,260.0
Ehire Adrianza,OF,260.0
Dakota Hudson,1B,260.0
Ryan Aguilar,3B,260.0
Weston Wilson,1B/3B,260.0
Tanner Burns,P,260.0
Chris Clarke,1B,260.0
Braden Olthoff,1B,260.0
Daniel Hudson,P,260.0
Brendan White,P,260.0
Tanner Rainey,P,260.0
Riley Thompson,P,260.0
Carson Whisenhunt,1B,260.0
Nelson Alvarez,P,260.0
Alex Wood,1B,260.0
Kirby Snead,P,260.0
Eiberson Castellano,P,260.0
Rafael Marchan,2B,260.0
Yadiel Hernandez,OF,260.0
Cole Mcdonald,P,260.0
Wuilfredo Antunez,OF,260.0
Oswaldo Cabrera,OF,260.0
Josh Lester,OF,260.0
Jonathan Guzman,SS,260.0
Austin Warner,P,260.0
Joe La Sorsa,P,260.0
Josh Winder,P,260.0
Lazaro Robersy Armenteros,1B/3B,260.0
Jose Fermin,P,260.0
Cade Gibson,P,260.0
Leury Garcia,OF,260.0
Justin Foscue,DH,260.0
Kyle Hurt,P,260.0
Jose Castillo,P,260.0
Rafael Dolis,P,260.0
Keinner Pina,2B,260.0
Casey Kelly,1B,260.0
Josuar De Jesus Gonzalez,2B/SS,260.0
Chris McMahon,1B,260.0
Kade Strowd,P,260.0
Zach McAllister,P,260.0
Freddy Zamora,2B/SS,260.0
Robert Stock,P,260.0
Mike Ford,DH,260.0
Jay Jackson,P,260.0
Jake Fishman,P,260.0
Avisail Garcia,OF,260.0
C.J. Van Eyk,1B,260.0
Trayce Thompson,OF,260.0
Josh Simpson,P,260.0
DJ LeMahieu,3B,260.0
Tony Gonsolin,1B,260.0
Stevie Berman,2B,260.0
Bryan Shaw,P,260.0
Evan Kravetz,P,260.0
Justin Topa,P,260.0
Tylor Megill,1B,260.0
Kevin Maitan,3B,260.0
Matt Blandino,1B,260.0
Collin McHugh,P,260.0
Zach Thompson,1B,260.0
Andrew Alvarez,1B,260.0
Pavin Smith,3B,260.0
Drew Ellis,OF,260.0
Josimar Cousin,P,260.0
Taylor Dollard,1B,260.0
Hyun Jin Ryu,1B,260.0
Reed Trimble,OF,260.0
Hunter Strickland,P,260.0
Bryan De La Cruz,1B/3B,260.0
Sam Huff,2B,260.0
Phoenix Sanders,P,260.0
Tanner Allen,OF,260.0
Pedro Baez,P,260.0
Reiner Lopez,P,260.0
Ariel Castro,OF,260.0
Sebastian Walcott,2B/SS,260.0
Brando Mayea,OF,260.0
Hendry Chivilli,2B/SS,260.0
Yerlin Luis,OF,260.0
Hyun-Seok Jang,1B,260.0
Alex Call,OF,260.0
Ryan Hendrix,P,260.0
Haydn McGeary,3B,260.0
Shane Drohan,P,260.0
Cam Sanders,P,260.0
Cristopher Larez,2B/SS,260.0
Alfredo Duno,2B,260.0
Maikol Orozco,SS,260.0
Carlos Perez,3B,260.0
John Brebbia,P,260.0
Enrique Jimenez,2B,260.0
Yoeilin Cespedes,2B/SS,260.0
Filippo Di Turi,2B/SS,260.0
Robert Calaz,OF,260.0
Rich Hill,P,260.0
Chris Owings,OF,260.0
Joendry Vargas,2B/SS,260.0
Andy Acevedo,OF,260.0
Felnin Celesten,2B/SS,260.0
Edwin Solano,SS,260.0
Ludwing Espinoza,2B/SS,260.0
Rayner Arias,OF,260.0
Brailer Guerrero,OF,260.0
Hernan Perez,OF,260.0
Starlyn Caba,2B/SS,260.0
Luis Almeyda,2B/SS,260.0
Gian Zapata,OF,260.0
Angel Cepeda,2B/SS,260.0
Janero Miller,OF,260.0
Camilo Diaz,OF,260.0
Parker Mushinski,P,260.0
Kody Funderburk,P,260.0
Welbyn Francisca,2B/SS,260.0
Darling Fernandez,1B/3B,260.0
Austin Davis,P,260.0
Manuel Cabrera,3B,260.0
Derniche Valdez,SS,260.0
Jeter Martinez,1B,260.0
Mitch Farris,1B,260.0
Carlos Silva,2B,260.0
Raymond Mola,3B,260.0
Trenton Brooks,3B,260.0
Baron Radcliff,1B/3B,260.0
Josh Harrison,OF,260.0
Michael Pineda,1B,260.0
Luke Waddell,2B/SS,260.0
Cristian Perez,OF,260.0
Brandyn Sittinger,P,260.0
Jhan Marinez,P,260.0
Felix Morrobel,2B/SS,260.0
Marwys Jorge,1B,260.0
Yophery Rodriguez,OF,260.0
Arnaldo Lantigua,OF,260.0
Esmil Valencia,OF,260.0
Luis Guanipa,OF,260.0
Kevin Ereu,SS,260.0
Brandon Belt,3B,260.0
Justin Wilson,P,260.0
Jimmy Crooks,2B,260.0
James Karinchak,P,260.0
Niko Goodrum,2B/SS,260.0
Josh Rojas,OF,260.0
Sawyer Gipson-Long,1B,260.0
Jack Larsen,1B/3B,260.0
Jose Briceno,2B,260.0
Matt Andriese,P,260.0
Jonathan Pintaro,1B,260.0
Darius Valdez,P,260.0
Daiverson Gutierrez,2B,260.0
Anthony Baptist,OF,260.0
Vimael Machin,OF,260.0
Tony Ruiz,3B,260.0
Michael Guldberg,1B/3B,260.0
Anthony Gose,P,260.0
Adeiny Hechavarria,2B/SS,260.0
Christian Cairo,SS,260.0
Kyle Gibson,1B,260.0
Woo-Suk Go,P,260.0
Jordan Lyles,P,260.0
Jose Quijada,P,260.0
Yasmani Grandal,2B,260.0
Ryan McKenna,OF,260.0
George Klassen,1B,260.0
Jeremy Rodriguez,2B/SS,260.0
Alexander Guillen,P,260.0
Corey Kluber,1B,260.0
Eric Hosmer,3B,260.0
B.J. Lopez,2B,260.0
Matt Carpenter,DH,260.0
Brad Hand,P,260.0
Nic Enright,P,260.0
Charlie Blackmon,OF,260.0
Gabriel Hughes,1B,260.0
Arodys Vizcaino,P,260.0
Julio Teheran,1B,260.0
Wade Miley,1B,260.0
Andrew Salas,2B/SS,260.0
Dylan Carlson,1B/3B,260.0
Brian O'Keefe,2B,260.0
Jacob Lemoine,P,260.0
Jean Segura,SS,260.0
Koyo Aoyagi,P,260.0
Billy Hamilton,OF,260.0
Yusmeiro Petit,P,260.0
Matt Moore,P,260.0
Albert Suarez,1B,260.0
Brady Allen,OF,260.0
Wes Clarke,3B,260.0
Manny Banuelos,P,260.0
Benny Montgomery,OF,260.0
Rob Brantly,2B,260.0
Brady House,OF,260.0
Harry Ford,2B,260.0
Wily Peralta,P,260.0
Anthony Bass,P,260.0
Maddux Bruns,1B,260.0
Jay Allen,OF,260.0
Carlos Rincon,OF,260.0
J.D. Martinez,DH,260.0
Danny Denz,P,260.0
Chad Stevens,OF,260.0
Sauryn Lao,P,260.0
Edgar Navarro,P,260.0
Jesse Franklin V,1B/3B,260.0
Bligh Madris,3B,260.0
Jordan Nwogu,1B/3B,260.0
Lolo Sanchez,1B/3B,260.0
Jared Serna,2B/SS,260.0
Jhonny Pereda,2B,260.0
Chris Devenski,P,260.0
Matt Foster,P,260.0
Michael Perez,2B,260.0
Kyle Keller,P,260.0
Archie Bradley,P,260.0
Connor Gillispie,1B,260.0
Harold Castro,SS,260.0
Dixon Machado,2B/SS,260.0
Bobby Dalbec,3B,260.0
Lorenzo Cedrola,OF,260.0
Malquin Canelo,SS,260.0
Jake Marisnick,OF,260.0
Jeff Singer,P,260.0
Ronald Torreyes,SS,260.0
Jon Singleton,3B,260.0
Oscar Gonzalez,OF,260.0
Cooper Kinney,SS,260.0
Bryan Sammons,1B,260.0
Noah Miller,2B/SS,260.0
Joe Mack,2B,260.0
Andrew Painter,1B,260.0
Jeremy Wu-Yelland,P,260.0
Kahlil Watson,SS,260.0
Max Kranick,P,260.0
Mitch White,P,260.0
Francisco Arcia,2B,260.0
Akil Baddoo,1B/3B,260.0
R.J. Alaniz,P,260.0
Alex Kirilloff,1B/3B,260.0
Austin Pope,P,260.0
Riley Adams,2B,260.0
Jose Peraza,3B,260.0
Luis Vazquez,2B/SS,260.0
Jack Blomgren,2B/SS,260.0
Jeff Criswell,P,260.0
Tommy Henry,1B,260.0
Steven Hajjar,P,260.0
Tucker Barnhart,2B,260.0
Hunter Bigge,P,260.0
Miguel Sano,OF,260.0
Zach Penrod,P,260.0
Tyler Matzek,P,260.0
Wil Myers,OF,260.0
Walter Pennington,P,260.0
Moises Ballesteros,2B,260.0
Cole Wilcox,1B,260.0
Osvaldo Duarte,SS,260.0
Jordan Lawlar,2B/SS,260.0
Frankie Mozzicato,1B,260.0
Will Wagner,SS,260.0
Ethan Roberts,P,260.0
Noah Skirrow,1B,260.0
Valente Bellozo,1B,260.0
Daulton Jefferies,1B,260.0
Johan Quezada,P,260.0
Max Ferguson,OF,260.0
Trey Lipscomb,OF,260.0
Tanner Kohlhepp,P,260.0
Ender Inciarte,1B/3B,260.0
Jack O'Loughlin,P,260.0
Chase Silseth,1B,260.0
Dugan Darnell,P,260.0
Kent Emanuel,P,260.0
Oscar Colas,OF,260.0
Roldani Baldwin,2B,260.0
Brody Brecht,1B,260.0
J.T. Ginn,1B,260.0
Aaron Hicks,OF,260.0
Adam Mazur,1B,260.0
Alex Colome,P,260.0
Robert Hassell III,OF,260.0
Quincy Hamilton,OF,260.0
Aaron Loup,P,260.0
Rylan Bannon,2B/SS,260.0
Spencer Bivens,P,260.0
Michael Mariot,1B,260.0
Connor Prielipp,1B,260.0
Steven Fuentes,1B,260.0
Ramon Urias,OF,260.0
Kramer Robertson,OF,260.0
Whit Merrifield,SS,260.0
Caleb Hamilton,2B,260.0
Jake Walsh,P,260.0
Peyton Wilson,1B/3B,260.0
Scott Effross,P,260.0
Patrick Corbin,1B,260.0
Koen Moreno,P,260.0
Tyler Nevin,3B,260.0
Brian Marconi,P,260.0
Hunter Stratton,P,260.0
Jud Fabian,OF,260.0
Eric Wagaman,OF,260.0
TJ Hopkins,OF,260.0
Mario Feliciano,2B,260.0
Cody Laweryson,P,260.0
Joan Adon,P,260.0
Peter Strzelecki,P,260.0
Jared Koenig,P,260.0
Didi Gregorius,2B/SS,260.0
Doug Nikhazy,1B,260.0
David Rodriguez,2B,260.0
Robbie Grossman,1B/3B,260.0
Henry Martinez,P,260.0
Tyler Gilbert,P,260.0
Elvis Peguero,P,260.0
Matt Whatley,2B,260.0
Hector Neris,P,260.0
Jose Daniel Salvador,P,260.0
Chas McCormick,1B/3B,260.0
Taylor Walls,2B/SS,260.0
Rodolfo Duran,2B,260.0
Janson Junk,P,260.0
Gerson Moreno,P,260.0
Tyler Black,3B,260.0
Odalvi Javier,P,260.0
Trent Baker,1B,260.0
Juan Lagares,OF,260.0
Kole Calhoun,3B,260.0
Eric De La Rosa,OF,260.0
Brandon Birdsell,P,260.0
Kristian Robinson,OF,260.0
Justin Boyd,OF,260.0
Huascar Ynoa,1B,260.0
Esteury Ruiz,1B/3B,260.0
Mitch Spence,1B,260.0
Christian Scott,1B,260.0
Brayan Buelvas,OF,260.0
Aderlin Rodriguez,3B,260.0
Kevin Kiermaier,OF,260.0
Bradgley Rodriguez,1B,260.0
Nick Pratto,3B,260.0
Bubba Thompson,OF,260.0
Thomas Farr,1B,260.0
Jackie Bradley Jr.,OF,260.0
Christopher Newell,1B/3B,260.0
Gunnar Hoglund,1B,260.0
Merandy Gonzalez,P,260.0
Brad Boxberger,P,260.0
Cooper Hjerpe,1B,260.0
Matt Mikulski,P,260.0
Stephen Nogosek,P,260.0
Gerson Bautista,P,260.0
Thomas Pannone,1B,260.0
Samad Taylor,SS,260.0
Tyler Gentry,OF,260.0
Nate Pearson,P,260.0
Jeter Downs,2B/SS,260.0
Chase Lee,P,260.0
Kyle Wright,1B,260.0
Dylan Smith,P,260.0
Abraham Almonte,1B/3B,260.0
Luis Madero,P,260.0
A.J. Alexy,P,260.0
Hendrik Clementina,2B,260.0
Kier Meredith,1B/3B,260.0
Bryce Teodosio,OF,260.0
Sam Weatherly,P,260.0
Ryder Ryan,P,260.0
Nick Vespi,P,260.0
Ryan Burr,P,260.0
Pedro Avila,P,260.0
Jarlin Susana,1B,260.0
Shaun Anderson,P,260.0
Tristan Peters,OF,260.0
Gregory Santos,P,260.0
Jacob Melton,OF,260.0
Drew Smith,P,260.0
Jace Peterson,2B/SS,260.0
Ryan Noda,3B,260.0
Emmanuel Rivera,OF,260.0
Dalbert Siri,P,260.0
Cameron Bishop,P,260.0
Jared Oliva,OF,260.0
Mike Brosseau,3B,260.0
Adrian Sanchez,SS,260.0
Erik Miller,P,260.0
Juniel Querecuto,OF,260.0
Mike Baumann,P,260.0
Jack Little,P,260.0
Nick Ahmed,2B/SS,260.0
Cody Thomas,OF,260.0
Ofelky Peralta,P,260.0
Tayler Scott,P,260.0
Yonny Chirinos,1B,260.0
Dominic Hamel,1B,260.0
Leobaldo Cabrera,1B/3B,260.0
David Banuelos,2B,260.0
Logan Gillaspie,P,260.0
Brandon Young,1B,260.0
Connor Thomas,P,260.0
Andres Machado,P,260.0
Ryan Bliss,SS,260.0
Richard Fitts,1B,260.0
Bailey Horn,P,260.0
Miguel Del Pozo,P,260.0
Reiver Sanmartin,P,260.0
Adbert Alzolay,P,260.0
Eduardo Jimenez,P,260.0
Meibrys Viloria,2B,260.0
Nick Snyder,P,260.0
Richard Lovelady,P,260.0
Malcom Nunez,OF,260.0
Mark Canha,3B,260.0
Jose Cisnero,P,260.0
Esteban Quiroz,SS,260.0
Brandon Leibrandt,1B,260.0
Brett Kennedy,1B,260.0
Cal Quantrill,1B,260.0
Mychal Givens,P,260.0
Dario Agrazal,P,260.0
Jonathan Hernandez,P,260.0
Julian Merryweather,P,260.0
Juan Then,P,260.0
Luis Escobar,P,260.0
Jesus Tinoco,P,260.0
Alexander Wells,P,260.0
Zach Remillard,SS,260.0
Joey Lucchesi,1B,260.0
Corey Dickerson,1B/3B,260.0
Adonis Uceta,P,260.0
Keston Hiura,SS,260.0
Jeurys Familia,P,260.0
Ty Madden,1B,260.0
Thomas Hatch,P,260.0
Miguel Palma,2B,260.0
Jaden Hill,P,260.0
Cole Henry,1B,260.0
Peter Lambert,P,260.0
Tommy Milone,1B,260.0
Julian Fernandez,P,260.0
Elieser Hernandez,P,260.0
Brett Sullivan,2B,260.0
Aaron Zavala,1B/3B,260.0
Tristan Gray,3B,260.0
Yoniel Curet,1B,260.0
Brenan Hanifee,P,260.0
Jesus Cruz,P,260.0
Zach Brzykcy,P,260.0
Jose Ferrer,P,260.0
Diego Castillo,OF,260.0
Donny Sands,2B,260.0
Ramon Santos,P,260.0
Jairo Iriarte,1B,260.0
Parker Messick,1B,260.0
Trevor McDonald,1B,260.0
Darwinzon Hernandez,P,260.0
Michael Arias,P,260.0
Jose Butto,P,260.0
Jhon Nunez,2B,260.0
Jorge Alfaro,2B,260.0
Eddys Leonard,2B/SS,260.0
Anthony Castro,P,260.0
Ronny Henriquez,P,260.0
Jorge Juan,P,260.0
Freddy Pacheco,1B,260.0
Jonathan Bermudez,1B,260.0
Alex Faedo,P,260.0
Landon Marceaux,1B,260.0
Raynel Espinal,1B,260.0
Nick Solak,1B/3B,260.0
Nate Webb,P,260.0
Trevor Richards,P,260.0
Christian Bethancourt,2B,260.0
Mike Vasil,1B,260.0
Justice Thompson,1B/3B,260.0
Roberto Perez,2B,260.0
Yasel Antuna,1B/3B,260.0
Brandon Drury,SS,260.0
Daniel Robert,P,260.0
Juan Mejia,P,260.0
Angel Chivilli,P,260.0
Sandro Fabian,OF,260.0
Michael Flynn,P,260.0
Tres Barrera,2B,260.0
Danry Vasquez,OF,260.0
Lewin Diaz,3B,260.0
Noah Syndergaard,1B,260.0
Logan Cerny,OF,260.0
Ben Gamel,OF,260.0
Patrick Murphy,P,260.0
Rafael Ortega,OF,260.0
Dylan File,1B,260.0
Heath Hembree,P,260.0
Jordan Weems,P,260.0
Victor Mederos,1B,260.0
Brock Burke,P,260.0
Mason McCoy,2B/SS,260.0
Liam Hendriks,P,260.0
Tanner Morris,OF,260.0
John Means,1B,260.0
John Schreiber,P,260.0
Josue De Paula,OF,260.0
Griff McGarry,P,260.0
Levi Prater,P,260.0
Jose Torres,2B/SS,260.0
Drew Maggi,OF,260.0
Yunior Marte,P,260.0
J.C. Mejia,P,260.0
Ray Kerr,P,260.0
Travis Blankenhorn,DH,260.0
Cristian Santana,3B,260.0
Tanner Banks,P,260.0
Carter Kieboom,OF,260.0
Yolmer Sanchez,1B/3B,260.0
Ryan Miller,P,260.0
Zach Neal,P,260.0
Tim Elko,3B,260.0
Dallas Keuchel,1B,260.0
Drew Smyly,P,260.0
David Hensley,OF,260.0
Wilking Rodriguez,P,260.0
Kervin Castro,P,260.0
Eddie Rosario,1B/3B,260.0
Christian Franklin,OF,260.0
Jonathan Villar,SS,260.0
Zac Houston,P,260.0
Cade Cavalli,1B,260.0
Vince Velasquez,1B,260.0
Nicholas Kent,2B/SS,260.0
Drew Gilbert,OF,260.0
Trey Sweeney,2B/SS,260.0
Colin Barber,1B/3B,260.0
Michael A. Taylor,OF,260.0
Jermaine Palacios,2B/SS,260.0
Jordan Beck,1B/3B,260.0
Yosver Zulueta,P,260.0
Tyler Wells,1B,260.0
Zac Veen,1B/3B,260.0
Alex Santos II,1B,260.0
Jose Rivera,1B,260.0
Marcel Renteria,P,260.0
Rhett Lowder,1B,260.0
Dedniel Nunez,P,260.0
Will Bednar,P,260.0
Andrew Morris,1B,260.0
Alerick Soularie,1B/3B,260.0
Logan Tanner,2B,260.0
Landon Sims,P,260.0
JT Schwartz,3B,260.0
Nick Nastrini,1B,260.0
Victor Santos,P,260.0
Nicholas Kahle,2B,260.0
Juan Burgos,P,260.0
James McCann,2B,260.0
Curt Casali,2B,260.0
Chase DeLauter,OF,260.0
Kolten Wong,SS,260.0
Jagger Haynes,1B,260.0
Mason Fox,P,260.0
James Paxton,1B,260.0
Erasmo Ramirez,P,260.0
Jonathan Schoop,SS,260.0
Joe Kelly,P,260.0
Eric Orze,P,260.0
Didier Fuentes,1B,260.0
Brooks Raley,P,260.0
Blade Tidwell,1B,260.0
Justin Lange,1B,260.0
Pedro Leon,OF,260.0
Riley Smith,1B,260.0
Colin Poche,P,260.0
Jake Diekman,P,260.0
Lorenzo Quintana,2B,260.0
Ivan Melendez,OF,260.0
Ronaldo Hernandez,DH,260.0
Michael Kopech,P,260.1
Jake Cousins,P,260.1
Hayden Wesneski,P,260.1
Chris Martin,P,260.1
Cole Sands,P,260.1
Kyle Harrison,1B,260.1
Justin Slaten,P,260.1
Landen Roupp,P,260.1
Max Kepler,OF,260.1
David Festa,1B,260.1
Kyle Hart,1B,260.1
Trevor Williams,1B,260.2
Derek Law,P,260.2
Otto Lopez,SS,260.2
Ryne Nelson,1B,260.2
Andrew Nardi,P,260.2
Garrett Cleavinger,P,260.2
Patrick Bailey,2B,260.2
Alex Cobb,1B,260.2
Ryan Thompson,P,260.2
Keegan Akin,P,260.2
Bryse Wilson,P,260.2
Tommy Kahnle,P,260.2
Evan Phillips,P,260.2
Michael Tonkin,P,260.2
A.J. Minter,P,260.2
Phil Maton,P,260.2
Simeon Woods Richardson,1B,260.3
Mitchell Parker,1B,260.3
